song,artist,proper_date,popularity,position,gap_days,prev_pop,popularity_jump,rank_jump,album_type,is_explicit
3D (Justin Timberlake Remix),Jung Kook & Justin Timberlake,2024-12-03,75,38,6.0,71.0,4.0,-10.0,single,False
3D (feat. Jack Harlow),Jung Kook,2025-03-15,83,6,2.0,83.0,0.0,-1.0,album,True
3D (feat. Jack Harlow),Jung Kook,2025-03-26,82,5,2.0,82.0,0.0,-1.0,album,True
3D (feat. Jack Harlow),Jung Kook,2025-07-12,78,10,2.0,78.0,0.0,1.0,album,True
3D (feat. Jack Harlow),Jung Kook,2025-08-14,79,5,2.0,79.0,0.0,0.0,album,True
3D (feat. Jack Harlow) (Instrumental),Jung Kook & Jack Harlow,2024-10-09,60,50,4.0,55.0,5.0,-22.0,album,False
A Psalm of Life,Lim Young Woong,2024-10-16,57,50,132.0,56.0,1.0,0.0,album,False
A Psalm of Life,Lim Young Woong,2024-10-19,57,49,3.0,,,,album,False
A Psalm of Life,Lim Young Woong,2024-10-21,57,45,2.0,,,,album,False
A Psalm of Life,Lim Young Woong,2025-02-11,58,49,2.0,59.0,-1.0,-4.0,album,False
A Psalm of Life,Lim Young Woong,2025-02-19,58,45,7.0,58.0,0.0,5.0,album,False
A Psalm of Life,Lim Young Woong,2025-02-26,58,46,6.0,58.0,0.0,-1.0,album,False
A bientot,Lim Young Woong,2024-06-09,58,44,2.0,58.0,0.0,-3.0,album,False
A bientot,Lim Young Woong,2024-06-22,58,46,2.0,58.0,0.0,2.0,album,False
A bientot,Lim Young Woong,2024-07-11,59,47,7.0,58.0,1.0,0.0,album,False
A bientot,Lim Young Woong,2024-07-13,59,50,2.0,,,,album,False
A bientot,Lim Young Woong,2024-07-17,59,50,4.0,,,,album,False
A bientot,Lim Young Woong,2024-07-23,58,50,5.0,59.0,-1.0,0.0,album,False
A bientot,Lim Young Woong,2024-08-04,57,50,10.0,58.0,-1.0,-4.0,album,False
A bientot,Lim Young Woong,2024-08-06,57,49,2.0,,,,album,False
A bientot,Lim Young Woong,2024-08-28,57,49,16.0,57.0,0.0,-5.0,album,False
A bientot,Lim Young Woong,2024-09-03,57,50,6.0,,,,album,False
A bientot,Lim Young Woong,2024-09-10,57,44,6.0,57.0,0.0,2.0,album,False
A bientot,Lim Young Woong,2024-09-19,57,50,5.0,58.0,-1.0,-2.0,album,False
A bientot,Lim Young Woong,2024-09-23,57,49,2.0,57.0,0.0,1.0,album,False
A bientot,Lim Young Woong,2024-09-30,57,50,3.0,57.0,0.0,-2.0,album,False
A bientot,Lim Young Woong,2024-10-09,57,48,4.0,57.0,0.0,-1.0,album,False
A bientot,Lim Young Woong,2024-10-13,57,45,4.0,,,,album,False
A bientot,Lim Young Woong,2025-03-15,57,38,2.0,58.0,-1.0,1.0,album,False
A bientot,Lim Young Woong,2025-03-26,56,38,2.0,57.0,-1.0,2.0,album,False
A bientot,Lim Young Woong,2025-04-05,56,46,2.0,56.0,0.0,1.0,album,False
A bientot,Lim Young Woong,2025-04-19,56,43,2.0,56.0,0.0,-3.0,album,False
A bientot,Lim Young Woong,2025-04-24,56,49,2.0,57.0,-1.0,0.0,album,False
A bientot,Lim Young Woong,2025-05-07,55,43,11.0,56.0,-1.0,5.0,album,False
A bientot,Lim Young Woong,2025-06-24,51,45,48.0,,,,album,False
A bientot,Lim Young Woong,2025-07-18,55,48,23.0,51.0,4.0,-3.0,album,False
ABCD,NAYEON,2025-07-12,67,44,2.0,67.0,0.0,4.0,album,False
AK47,Men's Tear & 뷰티풀너드,2025-03-15,52,35,2.0,51.0,1.0,-3.0,single,False
AK47,Men's Tear & 뷰티풀너드,2025-03-26,52,40,2.0,52.0,0.0,3.0,single,False
ANTIFRAGILE,LE SSERAFIM,2024-07-17,79,49,13.0,79.0,0.0,-7.0,album,False
All I Want for Christmas Is You,Mariah Carey,2024-12-17,99,24,6.0,98.0,1.0,20.0,album,False
All Or Nothing,J Money & KingLee,2025-01-17,52,26,26.0,45.0,7.0,4.0,single,True
Alone,Jimin,2025-03-15,77,23,2.0,77.0,0.0,0.0,single,False
Alone,Jimin,2025-03-26,76,23,2.0,76.0,0.0,-2.0,single,False
Alone,Jimin,2025-05-31,72,45,2.0,73.0,-1.0,-5.0,single,False
Alone,Jimin,2025-06-02,72,44,2.0,,,,single,False
Alone,Jimin,2025-07-01,71,50,2.0,70.0,1.0,-24.0,single,False
Alone,Jimin,2025-07-19,71,43,18.0,,,,single,False
"Angel Pt. 1 (feat. Jimin of BTS, JVKE & Muni Long) - Trailer Version",Fast & Furious: The Fast Saga & Jimin & BTS,2024-09-14,70,35,102.0,81.0,-11.0,8.0,single,False
"Angel Pt. 1 (feat. Jimin of BTS, JVKE & Muni Long) - Trailer Version",Fast & Furious: The Fast Saga & Jimin & BTS,2024-10-27,71,50,41.0,70.0,1.0,-1.0,single,False
"Angel Pt. 1 (feat. Jimin of BTS, JVKE & Muni Long) - Trailer Version",Fast & Furious: The Fast Saga & Jimin & BTS,2024-10-31,71,46,3.0,71.0,0.0,4.0,single,False
"Angel Pt. 1 (feat. Jimin of BTS, JVKE & Muni Long) - Trailer Version",Fast & Furious: The Fast Saga & Jimin & BTS,2024-12-28,65,41,2.0,67.0,-2.0,0.0,single,False
"Angel Pt. 2 (feat. Jimin of BTS, Charlie Puth and Muni Long)",Fast & Furious: The Fast Saga & Jimin & BTS,2024-07-31,74,45,3.0,74.0,0.0,1.0,single,False
"Angel Pt. 2 (feat. Jimin of BTS, Charlie Puth and Muni Long)",Fast & Furious: The Fast Saga & Jimin & BTS,2024-08-24,72,50,5.0,72.0,0.0,-3.0,single,False
"Angel Pt. 2 (feat. Jimin of BTS, Charlie Puth and Muni Long)",Fast & Furious: The Fast Saga & Jimin & BTS,2024-11-03,69,44,71.0,,,,single,False
Armageddon,aespa,2025-07-12,79,16,2.0,79.0,0.0,1.0,album,False
Armageddon,aespa,2025-08-14,78,16,2.0,78.0,0.0,3.0,album,False
Armageddon,aespa,2025-09-22,77,38,2.0,77.0,0.0,-10.0,album,False
Armageddon,aespa,2025-10-07,75,33,2.0,76.0,-1.0,6.0,album,False
Armageddon,aespa,2025-11-21,72,50,2.0,72.0,0.0,-9.0,album,False
Armageddon,aespa & Grimes & Flava D,2025-10-06,36,36,15.0,0.0,36.0,-5.0,single,False
Attention,NewJeans,2024-07-07,85,37,3.0,84.0,1.0,-8.0,single,False
Attention,NewJeans,2024-09-01,83,49,2.0,83.0,0.0,-1.0,single,False
Attention,NewJeans,2024-09-15,83,48,11.0,83.0,0.0,1.0,single,False
Attention,NewJeans,2024-09-28,81,49,2.0,81.0,0.0,0.0,single,False
Attention,NewJeans,2025-04-28,78,38,211.0,81.0,-3.0,10.0,single,False
Attention,NewJeans,2025-05-14,78,50,3.0,78.0,0.0,0.0,single,False
Attention,NewJeans,2025-05-19,78,48,5.0,,,,single,False
Attention,NewJeans,2025-06-01,77,50,13.0,,,,single,False
Attention,NewJeans,2025-06-14,72,48,6.0,76.0,-4.0,-4.0,single,False
Attention,NewJeans,2025-06-28,75,50,11.0,72.0,3.0,0.0,single,False
BIRDS OF A FEATHER,Billie Eilish,2025-05-28,93,41,2.0,92.0,1.0,-4.0,album,False
BIRDS OF A FEATHER,Billie Eilish,2025-07-12,98,28,2.0,98.0,0.0,-2.0,album,False
BIRDS OF A FEATHER,Billie Eilish,2025-08-14,100,18,2.0,99.0,1.0,9.0,album,False
Baddie,IVE,2024-12-09,82,49,8.0,82.0,0.0,1.0,single,False
Baddie,IVE,2025-01-05,80,50,18.0,82.0,-2.0,0.0,single,False
Baddie,IVE,2025-01-22,81,49,16.0,80.0,1.0,-1.0,single,False
Baggy Jeans,NCT,2024-09-28,64,50,7.0,64.0,0.0,-4.0,album,False
Bam Yang Gang,BIBI,2025-03-15,77,10,2.0,77.0,0.0,-1.0,single,False
Bam Yang Gang,BIBI,2025-03-26,77,14,2.0,77.0,0.0,2.0,single,False
Bam Yang Gang,BIBI,2025-05-05,76,47,5.0,76.0,0.0,-2.0,single,False
Be Mine,Jimin,2025-08-14,82,3,2.0,82.0,0.0,0.0,album,False
Beautiful Things,Benson Boone,2025-02-03,92,50,2.0,91.0,1.0,-2.0,single,False
Beautiful Things,Benson Boone,2025-02-05,93,46,2.0,,,,single,False
Beautiful Things,Benson Boone,2025-03-15,100,21,2.0,100.0,0.0,1.0,single,False
Beautiful Things,Benson Boone,2025-03-26,100,22,2.0,100.0,0.0,1.0,single,False
Better Things,aespa,2024-09-09,81,50,3.0,81.0,0.0,0.0,single,False
Better Things,aespa,2024-10-02,80,50,16.0,81.0,-1.0,0.0,single,False
Big Dawgs,Hanumankind & Kalmi,2025-08-29,92,48,2.0,92.0,0.0,0.0,single,True
Bite Me,ENHYPEN,2024-06-14,88,47,4.0,88.0,0.0,2.0,single,False
Bling-Bang-Bang-Born,Creepy Nuts,2025-02-14,92,50,2.0,92.0,0.0,-12.0,single,False
Bling-Bang-Bang-Born,Creepy Nuts,2025-03-13,91,48,21.0,92.0,-1.0,2.0,single,False
Bling-Bang-Bang-Born,Creepy Nuts,2025-03-15,91,45,2.0,,,,single,False
Bling-Bang-Bang-Born,Creepy Nuts,2025-03-26,90,42,2.0,90.0,0.0,4.0,single,False
Blue,V,2024-12-31,80,46,54.0,85.0,-5.0,0.0,single,False
Blue,V,2025-01-03,81,43,3.0,,,,single,False
Blue,V,2025-01-07,82,50,2.0,81.0,1.0,-2.0,single,False
Blue,V,2025-01-11,82,48,2.0,82.0,0.0,1.0,single,False
Boom Boom Bass,RIIZE,2025-07-12,68,25,2.0,67.0,1.0,2.0,album,False
Boom Boom Bass,RIIZE,2025-08-14,68,33,2.0,69.0,-1.0,4.0,album,False
Boom Boom Bass,RIIZE,2025-09-20,67,48,2.0,67.0,0.0,0.0,album,False
Boom Boom Bass,RIIZE,2025-09-23,67,45,2.0,67.0,0.0,-1.0,album,False
Broken Melodies,NCT DREAM,2024-07-20,56,44,20.0,72.0,-16.0,6.0,album,False
Bubble Gum,NewJeans,2025-07-12,80,15,2.0,80.0,0.0,0.0,single,False
Bubble Gum,NewJeans,2025-08-14,79,22,2.0,79.0,0.0,1.0,single,False
Bubble Gum,NewJeans,2025-09-23,76,49,2.0,77.0,-1.0,-7.0,single,False
Bubble Gum,NewJeans,2025-09-28,76,49,2.0,76.0,0.0,0.0,single,False
Bubble Gum,NewJeans,2025-10-02,75,50,2.0,75.0,0.0,-5.0,single,False
Bubble Gum,NewJeans,2025-10-06,75,48,3.0,75.0,0.0,2.0,single,False
Bubble Gum,NewJeans,2025-10-14,74,50,8.0,,,,single,False
But Sometimes,BOYNEXTDOOR,2024-09-27,70,49,4.0,70.0,0.0,-10.0,single,False
CARNIVAL,¥$ & Kanye West & Ty Dolla $ign,2025-03-06,96,50,13.0,86.0,10.0,-7.0,album,True
CARNIVAL,¥$ & Kanye West & Ty Dolla $ign,2025-03-08,96,48,2.0,,,,album,True
CARNIVAL,¥$ & Kanye West & Ty Dolla $ign,2025-03-15,97,42,7.0,,,,album,True
CHIHIRO,Billie Eilish,2025-05-23,90,46,4.0,61.0,29.0,1.0,album,False
CRAZY,LE SSERAFIM,2025-11-22,80,45,2.0,80.0,0.0,-6.0,album,False
CROOKED,G-DRAGON,2025-11-09,62,47,4.0,61.0,1.0,-7.0,album,False
CROOKED,G-DRAGON,2025-11-27,65,47,17.0,63.0,2.0,3.0,album,False
Candy (Feat. Zion.T),Jay Park,2024-05-31,62,47,3.0,59.0,3.0,2.0,single,False
Candy (Feat. Zion.T),Jay Park,2024-06-05,65,45,4.0,63.0,2.0,0.0,single,False
Candy (Feat. Zion.T),Jay Park,2024-06-09,66,50,4.0,,,,single,False
Chk Chk Boom,Stray Kids,2025-08-07,68,44,4.0,67.0,1.0,2.0,album,False
Christmas Love,Jimin,2024-06-21,68,48,3.0,68.0,0.0,2.0,single,False
Christmas Love,Jimin,2024-11-05,69,28,136.0,68.0,1.0,20.0,single,False
Christmas Love,Jimin,2024-11-08,69,50,2.0,69.0,0.0,-22.0,single,False
Christmas Love,Jimin,2024-11-10,69,46,2.0,,,,single,False
Christmas Love,Jimin,2024-11-18,69,48,7.0,69.0,0.0,-15.0,single,False
Christmas Love,Jimin,2024-11-22,69,49,4.0,,,,single,False
Christmas Love,Jimin,2024-11-24,69,46,2.0,,,,single,False
Christmas Love,Jimin,2024-11-28,69,48,4.0,,,,single,False
Christmas Love,Jimin,2024-12-02,69,50,4.0,,,,single,False
Christmas Love,Jimin,2024-12-05,69,47,2.0,69.0,0.0,-1.0,single,False
Christmas Love,Jimin,2024-12-09,70,40,4.0,,,,single,False
Christmas Love,Jimin,2024-12-12,70,42,2.0,70.0,0.0,-1.0,single,False
Christmas Love,Jimin,2024-12-17,71,33,5.0,,,,single,False
Christmas Love,Jimin,2024-12-20,71,30,2.0,71.0,0.0,3.0,single,False
Christmas Tree,V,2024-09-18,81,44,9.0,82.0,-1.0,-12.0,single,False
Click Like (Prod. Crush) (Feat. Paul Blanco),Various Artists,2024-09-13,66,48,4.0,60.0,6.0,-7.0,single,False
Closer Than This,Jimin,2025-03-15,86,8,2.0,86.0,0.0,-1.0,single,False
Closer Than This,Jimin,2025-03-26,85,6,2.0,85.0,0.0,1.0,single,False
Closer Than This,Jimin,2025-07-12,85,5,2.0,85.0,0.0,0.0,single,False
Closer Than This,Jimin,2025-08-14,78,7,2.0,78.0,0.0,-1.0,album,False
Closer to You (feat. Major Lazer),Jung Kook,2024-12-05,86,44,2.0,86.0,0.0,3.0,album,False
Closer to You (feat. Major Lazer),Jung Kook,2024-12-16,86,48,2.0,86.0,0.0,-6.0,album,False
Closer to You (feat. Major Lazer),Jung Kook,2024-12-20,85,49,4.0,,,,album,False
Closer to You (feat. Major Lazer),Jung Kook,2024-12-29,81,43,8.0,85.0,-4.0,4.0,album,False
Closer to You (feat. Major Lazer),Jung Kook,2025-01-05,83,46,7.0,,,,album,False
Closer to You (feat. Major Lazer),Jung Kook,2025-01-10,84,47,5.0,,,,album,False
Closer to You (feat. Major Lazer),Jung Kook,2025-01-12,84,50,2.0,,,,album,False
Closer to You (feat. Major Lazer),Jung Kook,2025-01-16,83,49,4.0,,,,album,False
Closer to You (feat. Major Lazer),Jung Kook,2025-02-25,82,49,40.0,,,,album,False
Closer to You (feat. Major Lazer),Jung Kook,2025-03-02,81,47,2.0,82.0,-1.0,-2.0,album,False
Closer to You (feat. Major Lazer),Jung Kook,2025-03-07,80,48,2.0,81.0,-1.0,-11.0,album,False
Closer to You (feat. Major Lazer),Jung Kook,2025-03-16,79,50,9.0,,,,album,False
Closer to You (feat. Major Lazer),Jung Kook,2025-06-08,75,48,83.0,79.0,-4.0,2.0,album,False
Come back to me,RM,2025-05-26,63,42,10.0,78.0,-15.0,5.0,album,False
Cool With You,NewJeans,2024-10-19,85,48,4.0,85.0,0.0,2.0,single,False
Cosmic,Red Velvet,2025-07-12,72,31,2.0,72.0,0.0,0.0,single,False
Cruel Summer,Taylor Swift,2024-07-07,98,44,3.0,97.0,1.0,-9.0,album,False
Cruel Summer,Taylor Swift,2024-10-04,98,46,5.0,98.0,0.0,-2.0,album,False
Cruel Summer,Taylor Swift,2024-10-20,99,45,12.0,99.0,0.0,5.0,album,False
Cruel Summer,Taylor Swift,2024-10-24,100,50,3.0,99.0,1.0,-4.0,album,False
Cruel Summer,Taylor Swift,2024-12-28,95,48,64.0,100.0,-5.0,2.0,album,False
Cruel Summer,Taylor Swift,2025-03-15,98,24,2.0,98.0,0.0,5.0,album,False
Cruel Summer,Taylor Swift,2025-03-26,97,29,2.0,97.0,0.0,1.0,album,False
Cruel Summer,Taylor Swift,2025-04-26,96,46,2.0,96.0,0.0,2.0,album,False
Cruel Summer,Taylor Swift,2025-06-12,88,50,46.0,96.0,-8.0,-2.0,album,False
Cruel Summer,Taylor Swift,2025-06-17,88,47,2.0,88.0,0.0,2.0,album,False
Cruel Summer,Taylor Swift,2025-07-31,92,50,40.0,89.0,3.0,-5.0,album,False
Cruel Summer,Taylor Swift,2025-08-07,92,48,3.0,93.0,-1.0,-1.0,album,False
Cruel Summer,Taylor Swift,2025-08-14,93,41,2.0,93.0,0.0,5.0,album,False
Cruel Summer,Taylor Swift,2025-08-25,92,47,2.0,92.0,0.0,0.0,album,False
Cruel Summer,Taylor Swift,2025-08-31,92,43,4.0,92.0,0.0,4.0,album,False
Cruel Summer,Taylor Swift,2025-09-18,92,49,18.0,,,,album,False
Cupid,FIFTY FIFTY,2024-07-09,87,50,5.0,87.0,0.0,-14.0,single,False
Cupid - Twin Ver.,FIFTY FIFTY,2024-07-07,99,43,3.0,99.0,0.0,-12.0,single,False
Cupid - Twin Ver.,FIFTY FIFTY,2024-07-26,97,49,5.0,98.0,-1.0,-4.0,single,False
Cupid - Twin Ver.,FIFTY FIFTY,2024-08-06,96,50,11.0,,,,single,False
Cupido,Engel Montaz & Kuv507 & Latinnites Music,2025-01-10,70,32,2.0,69.0,1.0,15.0,single,False
Dance The Night (From Barbie The Album),Dua Lipa,2024-06-09,90,46,6.0,86.0,4.0,-4.0,single,False
Dance The Night (From Barbie The Album),Dua Lipa,2024-07-26,95,45,47.0,,,,single,False
Dance The Night (From Barbie The Album),Dua Lipa,2024-07-30,96,50,2.0,96.0,0.0,-9.0,single,False
Dangerously,Charlie Puth,2024-06-04,48,47,2.0,48.0,0.0,0.0,album,False
Dangerously,Charlie Puth,2024-06-13,64,49,5.0,63.0,1.0,-3.0,album,False
Dangerously,Charlie Puth,2024-06-16,64,44,3.0,,,,album,False
Dangerously,Charlie Puth,2024-07-01,65,44,11.0,64.0,1.0,6.0,album,False
Dare to Love (feat. BIG Naughty),B.I,2024-07-04,64,48,3.0,64.0,0.0,0.0,album,False
Discord,QWER,2024-12-15,59,44,3.0,58.0,1.0,5.0,single,False
Ditto,NewJeans,2024-11-08,85,43,5.0,85.0,0.0,6.0,single,False
Ditto,NewJeans,2024-11-21,84,47,2.0,84.0,0.0,2.0,single,False
Ditto,NewJeans,2024-11-23,84,50,2.0,,,,single,False
Ditto,NewJeans,2025-02-16,85,50,4.0,85.0,0.0,-8.0,single,False
Ditto,NewJeans,2025-03-11,83,49,22.0,85.0,-2.0,1.0,single,False
Ditto,NewJeans,2025-03-18,82,50,6.0,83.0,-1.0,-1.0,single,False
Ditto,NewJeans,2025-03-26,81,49,8.0,,,,single,False
Ditto,NewJeans,2025-04-01,80,47,6.0,,,,single,False
Ditto,NewJeans,2025-04-27,81,46,26.0,,,,single,False
Ditto,NewJeans,2025-05-17,80,49,2.0,80.0,0.0,-1.0,single,False
Ditto,NewJeans,2025-05-20,80,49,2.0,80.0,0.0,-1.0,single,False
Ditto,NewJeans,2025-05-31,80,42,11.0,,,,single,False
Ditto,NewJeans,2025-07-12,78,49,2.0,78.0,0.0,-3.0,single,False
Ditto,NewJeans,2025-07-20,79,49,3.0,79.0,0.0,1.0,single,False
Ditto,NewJeans,2025-07-24,79,45,4.0,,,,single,False
Ditto,NewJeans,2025-07-26,78,50,2.0,,,,single,False
Ditto,NewJeans,2025-08-03,79,47,4.0,78.0,1.0,3.0,single,False
Ditto,NewJeans,2025-08-10,78,45,7.0,,,,single,False
Ditto,NewJeans,2025-08-14,79,45,3.0,79.0,0.0,3.0,single,False
Ditto,NewJeans,2025-09-13,78,48,28.0,79.0,-1.0,0.0,single,False
Ditto,NewJeans,2025-09-16,78,49,2.0,78.0,0.0,0.0,single,False
Ditto,NewJeans,2025-09-25,78,45,5.0,79.0,-1.0,4.0,single,False
Ditto,NewJeans,2025-10-05,78,50,10.0,,,,single,False
Ditto,NewJeans,2025-10-12,77,45,4.0,78.0,-1.0,5.0,single,False
Ditto,NewJeans,2025-10-18,77,39,2.0,77.0,0.0,11.0,single,False
Ditto,NewJeans,2025-10-23,77,48,5.0,,,,single,False
Ditto,NewJeans,2025-11-05,77,48,13.0,,,,single,False
Do or Die,Lim Young Woong,2025-03-15,68,12,2.0,69.0,-1.0,0.0,single,False
Do or Die,Lim Young Woong,2025-03-26,67,15,2.0,68.0,-1.0,-2.0,single,False
Do or Die,Lim Young Woong,2025-07-12,62,22,2.0,62.0,0.0,-1.0,single,False
Do or Die,Lim Young Woong,2025-08-14,63,21,2.0,63.0,0.0,-1.0,single,False
Do or Die,Lim Young Woong,2025-10-22,60,46,2.0,60.0,0.0,-3.0,single,False
Do or Die,Lim Young Woong,2025-11-03,59,45,11.0,60.0,-1.0,4.0,single,False
Do or Die,Lim Young Woong,2025-11-19,59,46,3.0,59.0,0.0,1.0,single,False
Don't Look Back In Anger - Remastered,Oasis,2025-09-03,78,45,2.0,77.0,1.0,4.0,album,False
Don't Look Back in Anger - Remastered,Oasis,2025-09-02,74,45,2.0,74.0,0.0,-14.0,album,False
Don't Look Back in Anger - Remastered,Oasis,2025-09-04,75,47,2.0,,,,album,False
Drama,aespa,2025-03-15,85,32,2.0,85.0,0.0,3.0,album,False
Drama,aespa,2025-03-26,83,35,2.0,84.0,-1.0,2.0,album,False
Drama,aespa,2025-04-07,83,48,2.0,83.0,0.0,0.0,album,False
Drama,aespa,2025-04-20,83,50,3.0,83.0,0.0,-1.0,album,False
Drama,aespa,2025-05-03,82,47,13.0,,,,album,False
Drama,aespa,2025-05-11,83,46,2.0,83.0,0.0,1.0,album,False
Drama,aespa,2025-07-12,82,50,9.0,82.0,0.0,0.0,album,False
Drama,aespa,2025-10-12,79,47,88.0,82.0,-3.0,1.0,album,False
Dreamers [Music from the FIFA World Cup Qatar 2022 Official Soundtrack],Jung Kook & BTS,2024-10-16,82,38,3.0,82.0,0.0,10.0,single,False
Dreamers [Music from the FIFA World Cup Qatar 2022 Official Soundtrack],Jung Kook & BTS,2024-10-20,82,42,2.0,82.0,0.0,-11.0,single,False
Dreamers [Music from the FIFA World Cup Qatar 2022 Official Soundtrack],Jung Kook & BTS,2024-10-26,82,33,4.0,82.0,0.0,14.0,single,False
Dreamers [Music from the FIFA World Cup Qatar 2022 Official Soundtrack],Jung Kook & BTS,2024-11-20,80,28,21.0,82.0,-2.0,2.0,single,False
Drowning,WOODZ,2025-11-19,61,49,2.0,60.0,1.0,0.0,single,False
Drowning,WOODZ,2025-11-22,61,49,3.0,,,,single,False
EASY,LE SSERAFIM,2025-03-15,89,3,2.0,89.0,0.0,1.0,single,False
EASY,LE SSERAFIM,2025-03-26,88,8,2.0,88.0,0.0,0.0,single,False
EASY,LE SSERAFIM,2025-06-29,80,48,6.0,78.0,2.0,0.0,single,False
EASY,LE SSERAFIM,2025-08-03,80,50,35.0,,,,single,False
EASY,LE SSERAFIM,2025-08-08,79,49,5.0,,,,single,False
EASY,LE SSERAFIM,2025-08-10,80,38,2.0,,,,single,False
EASY,LE SSERAFIM,2025-08-14,80,34,2.0,80.0,0.0,8.0,single,False
EASY,LE SSERAFIM,2025-08-24,79,47,3.0,80.0,-1.0,3.0,single,False
EASY,LE SSERAFIM,2025-08-26,79,49,2.0,,,,single,False
EASY,LE SSERAFIM,2025-08-29,79,45,2.0,79.0,0.0,4.0,single,False
ETA,NewJeans,2024-11-23,85,48,9.0,86.0,-1.0,1.0,single,False
ETA,NewJeans,2024-11-30,85,49,2.0,85.0,0.0,1.0,single,False
ETA,NewJeans,2024-12-27,83,50,3.0,83.0,0.0,-5.0,single,False
ETA,NewJeans,2025-02-23,84,49,2.0,84.0,0.0,-1.0,single,False
ETA,NewJeans,2025-03-15,82,43,2.0,82.0,0.0,2.0,single,False
ETA,NewJeans,2025-03-26,81,39,2.0,81.0,0.0,0.0,single,False
ETA,NewJeans,2025-04-07,80,50,2.0,80.0,0.0,0.0,single,False
ETA,NewJeans,2025-04-18,81,50,2.0,81.0,0.0,-1.0,single,False
ETA,NewJeans,2025-04-27,81,41,9.0,,,,single,False
ETA,NewJeans,2025-05-27,79,48,2.0,80.0,-1.0,-4.0,single,False
ETA,NewJeans,2025-07-08,78,48,3.0,78.0,0.0,-1.0,single,False
ETA,NewJeans,2025-07-14,78,48,6.0,,,,single,False
ETA,NewJeans,2025-07-24,78,50,8.0,78.0,0.0,-1.0,single,False
ETA,NewJeans,2025-10-09,78,49,77.0,,,,single,False
ETA,NewJeans,2025-10-18,79,50,3.0,78.0,1.0,0.0,single,False
ETA,NewJeans,2025-10-20,79,45,2.0,,,,single,False
ETA,NewJeans,2025-10-26,79,43,5.0,79.0,0.0,-1.0,single,False
ETA,NewJeans,2025-11-05,79,47,10.0,,,,single,False
Elevator,Lim Young Woong,2024-11-18,55,49,2.0,55.0,0.0,1.0,single,False
Elevator,Lim Young Woong,2024-11-22,56,50,2.0,55.0,1.0,-1.0,single,False
Elevator,Lim Young Woong,2024-12-08,56,50,16.0,,,,single,False
Espresso,Sabrina Carpenter,2025-07-12,99,27,2.0,99.0,0.0,1.0,single,True
Espresso,Sabrina Carpenter,2025-08-14,99,30,2.0,99.0,0.0,3.0,single,True
FIELD TRIP,¥$ & Kanye West & Ty Dolla $ign,2025-08-24,78,31,14.0,81.0,-3.0,8.0,album,True
FLOWER,JISOO,2024-06-23,85,48,2.0,85.0,0.0,1.0,single,False
FLOWER,JISOO,2024-06-29,85,44,2.0,85.0,0.0,-4.0,single,False
FLOWER,JISOO,2024-07-23,84,45,23.0,85.0,-1.0,-1.0,single,False
FRI(END)S,V,2025-03-26,90,10,2.0,89.0,1.0,-1.0,single,False
FRI(END)S,V,2025-06-28,88,48,3.0,87.0,1.0,0.0,single,False
FRI(END)S,V,2025-06-30,88,49,2.0,,,,single,False
FRI(END)S,V,2025-07-12,89,48,2.0,89.0,0.0,-4.0,single,False
FRI(END)S,V,2025-07-17,90,48,3.0,90.0,0.0,2.0,single,False
FRI(END)S,V,2025-07-22,90,49,2.0,90.0,0.0,-4.0,single,False
Face-off,Jimin,2025-03-15,76,25,2.0,77.0,-1.0,-1.0,single,True
Face-off,Jimin,2025-03-26,75,25,2.0,76.0,-1.0,-1.0,single,True
Face-off,Jimin,2025-05-31,73,49,2.0,73.0,0.0,-4.0,single,True
Face-off,Jimin,2025-06-02,73,49,2.0,,,,single,True
Face-off,Jimin,2025-06-05,72,43,3.0,,,,single,True
Face-off,Jimin,2025-06-09,68,41,2.0,72.0,-4.0,2.0,single,True
Face-off,Jimin,2025-06-26,69,47,3.0,68.0,1.0,-7.0,single,True
Face-off,Jimin,2025-07-01,71,49,2.0,70.0,1.0,-13.0,single,True
Face-off,Jimin,2025-07-06,72,50,3.0,72.0,0.0,-1.0,single,True
Face-off,Jimin,2025-07-19,72,37,13.0,,,,single,True
Fact Check,NCT 127,2024-10-19,74,50,6.0,70.0,4.0,-6.0,album,False
Fate,(G)I-DLE,2025-03-15,68,14,2.0,68.0,0.0,0.0,album,False
Fate,(G)I-DLE,2025-03-26,71,9,2.0,70.0,1.0,2.0,album,False
Fate,(G)I-DLE,2025-05-27,74,44,2.0,75.0,-1.0,-4.0,album,False
Fate,(G)I-DLE,2025-06-01,74,49,5.0,,,,album,False
Father,Lim Young Woong,2024-10-30,57,47,4.0,57.0,0.0,0.0,album,False
Father,Lim Young Woong,2024-11-01,57,43,2.0,,,,album,False
Father,Lim Young Woong,2025-01-22,59,42,2.0,59.0,0.0,0.0,album,False
Father,Lim Young Woong,2025-02-19,58,46,10.0,58.0,0.0,0.0,album,False
Father,Lim Young Woong,2025-02-26,58,50,6.0,58.0,0.0,-4.0,album,False
Fighting (Feat. Lee Young Ji),BSS,2024-06-06,78,49,4.0,78.0,0.0,-4.0,single,False
Filter,BTS,2024-06-14,75,43,2.0,75.0,0.0,3.0,album,False
Filter,BTS,2024-06-21,76,47,6.0,75.0,1.0,-2.0,album,False
Filter,BTS,2025-04-06,72,31,288.0,76.0,-4.0,19.0,album,False
For Us,V,2024-12-31,80,44,52.0,85.0,-5.0,4.0,single,False
Fortnight (feat. Post Malone),Taylor Swift,2025-05-28,95,50,2.0,95.0,0.0,-4.0,album,False
Fortnight (feat. Post Malone),Taylor Swift,2025-06-02,95,50,4.0,95.0,0.0,-1.0,album,False
Fry’s Dream,AKMU,2024-09-05,59,41,11.0,52.0,7.0,5.0,single,False
Fry’s Dream,AKMU,2024-09-12,61,39,3.0,60.0,1.0,4.0,single,False
GODS,League of Legends & NewJeans,2025-01-25,85,48,3.0,85.0,0.0,-3.0,single,False
GODS,League of Legends & NewJeans,2025-01-31,85,49,6.0,,,,single,False
Get A Guitar,RIIZE,2024-12-06,54,49,20.0,46.0,8.0,-4.0,single,False
Get A Guitar,RIIZE,2024-12-23,66,47,3.0,65.0,1.0,3.0,single,False
Get A Guitar,RIIZE,2024-12-28,64,38,4.0,66.0,-2.0,12.0,single,False
Get A Guitar,RIIZE,2025-03-15,69,40,2.0,70.0,-1.0,-3.0,single,False
Get A Guitar,RIIZE,2025-03-26,68,44,2.0,68.0,0.0,1.0,single,False
Get A Guitar,RIIZE,2025-04-06,67,49,8.0,67.0,0.0,-1.0,single,False
Get A Guitar,RIIZE,2025-04-12,67,49,2.0,67.0,0.0,-1.0,single,False
Get A Guitar,RIIZE,2025-04-24,67,50,9.0,67.0,0.0,0.0,single,False
Girls Never Die,tripleS,2025-06-24,69,50,3.0,68.0,1.0,-8.0,album,False
Grain of Sand,Lim Young Woong,2025-03-15,67,13,2.0,67.0,0.0,0.0,single,False
Grain of Sand,Lim Young Woong,2025-03-26,66,16,2.0,66.0,0.0,-2.0,single,False
Grain of Sand,Lim Young Woong,2025-07-12,61,23,2.0,61.0,0.0,0.0,single,False
Grain of Sand,Lim Young Woong,2025-08-14,61,23,2.0,61.0,0.0,-2.0,single,False
Grain of Sand,Lim Young Woong,2025-10-22,58,47,2.0,58.0,0.0,2.0,single,False
Grain of Sand,Lim Young Woong,2025-11-03,58,49,12.0,,,,single,False
Grain of Sand,Lim Young Woong,2025-11-05,58,46,2.0,,,,single,False
Guess featuring Billie Eilish,Charli xcx & Billie Eilish,2025-08-14,90,40,3.0,89.0,1.0,9.0,single,False
HAPPY,DAY6,2025-08-29,57,42,161.0,53.0,4.0,-3.0,album,False
HERO,Lim Young Woong,2024-10-27,56,49,4.0,56.0,0.0,1.0,single,False
HERO,Lim Young Woong,2024-11-05,57,48,2.0,57.0,0.0,-3.0,single,False
HERO,Lim Young Woong,2025-02-11,58,46,2.0,58.0,0.0,-5.0,single,False
HERO,Lim Young Woong,2025-02-18,58,50,6.0,58.0,0.0,-1.0,single,False
Haegeum,Agust D,2024-06-16,90,48,4.0,90.0,0.0,1.0,album,False
Haegeum,Agust D,2024-06-21,90,50,3.0,90.0,0.0,-5.0,album,False
Haegeum,Agust D,2024-10-16,84,47,4.0,83.0,1.0,3.0,album,False
Haegeum,Agust D,2024-10-20,84,49,4.0,,,,album,False
Haegeum,Agust D,2024-10-23,84,45,2.0,84.0,0.0,5.0,album,False
Hate You,Jung Kook,2024-12-27,84,47,3.0,85.0,-1.0,2.0,album,False
Hate You,Jung Kook,2025-01-30,83,45,3.0,84.0,-1.0,1.0,album,False
Hate You,Jung Kook,2025-02-02,83,44,3.0,,,,album,False
Hate You,Jung Kook,2025-03-11,81,47,2.0,81.0,0.0,-4.0,album,False
Hate You,Jung Kook,2025-03-15,80,39,2.0,80.0,0.0,5.0,album,False
Hate You,Jung Kook,2025-03-26,79,45,2.0,79.0,0.0,-3.0,album,False
Holssi,IU,2025-03-15,71,30,2.0,71.0,0.0,-2.0,single,False
Holssi,IU,2025-03-26,70,48,3.0,70.0,0.0,1.0,single,False
Home,Lim Young Woong,2025-07-12,65,19,2.0,65.0,0.0,0.0,single,False
Home,Lim Young Woong,2025-08-14,65,20,2.0,65.0,0.0,-2.0,single,False
Home,Lim Young Woong,2025-11-01,62,50,7.0,62.0,0.0,-1.0,single,False
How Sweet,NewJeans,2025-07-12,84,8,2.0,84.0,0.0,1.0,single,False
How Sweet,NewJeans,2025-08-14,83,12,2.0,83.0,0.0,0.0,single,False
"How can I love the heartbreak, you're the one I love",AKMU,2025-10-24,61,44,2.0,61.0,0.0,0.0,album,False
"How can I love the heartbreak, you're the one I love",AKMU,2025-11-18,62,49,2.0,62.0,0.0,-1.0,album,False
Hype Boy,NewJeans,2024-10-22,85,50,2.0,85.0,0.0,-2.0,single,False
Hype Boy,NewJeans,2024-12-11,84,50,50.0,,,,single,False
Hype Boy,NewJeans,2024-12-30,81,46,19.0,,,,single,False
Hype Boy,NewJeans,2025-01-04,83,48,5.0,,,,single,False
Hype Boy,NewJeans,2025-02-10,84,49,26.0,84.0,0.0,-3.0,single,False
Hype Boy,NewJeans,2025-03-26,80,47,44.0,,,,single,False
Hype Boy,NewJeans,2025-03-30,80,50,4.0,,,,single,False
Hype Boy,NewJeans,2025-04-01,80,46,2.0,,,,single,False
Hype Boy,NewJeans,2025-04-04,80,48,2.0,80.0,0.0,1.0,single,False
Hype Boy,NewJeans,2025-04-11,80,46,7.0,,,,single,False
Hype Boy,NewJeans,2025-04-27,80,45,11.0,80.0,0.0,3.0,single,False
Hype Boy,NewJeans,2025-05-27,80,49,2.0,80.0,0.0,-6.0,single,False
Hype Boy,NewJeans,2025-07-12,78,35,2.0,78.0,0.0,6.0,single,False
Hype Boy,NewJeans,2025-08-14,79,36,2.0,79.0,0.0,4.0,single,False
Hype Boy,NewJeans,2025-08-31,79,47,4.0,79.0,0.0,-3.0,single,False
Hype Boy,NewJeans,2025-09-07,79,46,7.0,,,,single,False
Hype Boy,NewJeans,2025-09-14,79,50,2.0,79.0,0.0,-4.0,single,False
Hype Boy,NewJeans,2025-09-16,79,44,2.0,,,,single,False
Hype Boy,NewJeans,2025-09-23,79,50,3.0,79.0,0.0,0.0,single,False
Hype Boy,NewJeans,2025-09-29,78,49,5.0,79.0,-1.0,0.0,single,False
Hype Boy,NewJeans,2025-10-13,77,50,13.0,78.0,-1.0,0.0,single,False
I Don’t Think That I Like Her,Charlie Puth,2024-06-16,73,49,18.0,72.0,1.0,-2.0,album,False
I Don’t Think That I Like Her,Charlie Puth,2024-06-18,73,49,2.0,,,,album,False
I Don’t Think That I Like Her,Charlie Puth,2024-06-25,73,48,5.0,73.0,0.0,1.0,album,False
I Don’t Think That I Like Her,Charlie Puth,2024-07-01,74,50,5.0,73.0,1.0,-2.0,album,False
I Had Some Help (Feat. Morgan Wallen),Post Malone & Morgan Wallen,2025-05-23,95,50,4.0,93.0,2.0,-5.0,single,True
I Like Me Better,Lauv,2025-03-03,84,36,2.0,84.0,0.0,2.0,album,False
I Love You,Lim Young Woong,2024-05-30,56,46,3.0,56.0,0.0,1.0,album,False
I Love You,Lim Young Woong,2024-06-03,56,44,3.0,56.0,0.0,6.0,album,False
I Love You,Lim Young Woong,2024-06-10,56,46,4.0,56.0,0.0,-3.0,album,False
I Love You,Lim Young Woong,2024-06-13,56,46,2.0,56.0,0.0,4.0,album,False
I Love You,Lim Young Woong,2024-09-25,55,48,103.0,56.0,-1.0,2.0,album,False
I Love You,Lim Young Woong,2024-10-17,56,49,21.0,55.0,1.0,-1.0,album,False
I Love You,Lim Young Woong,2024-10-22,57,45,4.0,56.0,1.0,4.0,album,False
I Love You,Lim Young Woong,2025-02-18,58,47,3.0,58.0,0.0,3.0,album,False
I Love You,Lim Young Woong,2025-02-23,58,50,3.0,58.0,0.0,-8.0,album,False
I Love You,Lim Young Woong,2025-02-26,58,48,3.0,,,,album,False
I Love You,Lim Young Woong,2025-03-04,57,50,4.0,58.0,-1.0,-1.0,album,False
I Love You,Lim Young Woong,2025-03-09,57,46,4.0,57.0,0.0,4.0,album,False
I will come to you,Jin,2025-11-23,53,47,2.0,43.0,10.0,-10.0,album,False
If I have you only (My love X Nerd Connection),Nerd Connection,2025-04-09,53,47,7.0,53.0,0.0,3.0,single,False
If I have you only (My love X Nerd Connection),Nerd Connection,2025-04-12,54,43,3.0,,,,single,False
If I have you only (My love X Nerd Connection),Nerd Connection,2025-04-18,54,49,2.0,54.0,0.0,-4.0,single,False
If I have you only (My love X Nerd Connection),Nerd Connection,2025-09-02,53,46,129.0,55.0,-2.0,-2.0,single,False
If I have you only (My love X Nerd Connection),Nerd Connection,2025-09-07,53,48,4.0,53.0,0.0,-2.0,single,False
If I have you only (My love X Nerd Connection),Nerd Connection,2025-09-09,53,43,2.0,,,,single,False
If I have you only (My love X Nerd Connection),Nerd Connection,2025-09-15,53,50,5.0,53.0,0.0,-7.0,single,False
If I have you only (My love X Nerd Connection),Nerd Connection,2025-09-29,53,42,3.0,54.0,-1.0,4.0,single,False
If I have you only (My love X Nerd Connection),Nerd Connection,2025-10-22,54,50,2.0,54.0,0.0,-3.0,single,False
"If I’m S, Can You Be My N?",TWS,2025-07-12,67,34,2.0,67.0,0.0,5.0,single,False
If We Ever Meet Again,Lim Young Woong,2024-07-30,61,40,2.0,61.0,0.0,3.0,album,False
If We Ever Meet Again,Lim Young Woong,2025-03-15,60,22,2.0,61.0,-1.0,-1.0,album,False
If We Ever Meet Again,Lim Young Woong,2025-03-26,59,24,2.0,60.0,-1.0,2.0,album,False
If We Ever Meet Again,Lim Young Woong,2025-05-29,58,47,3.0,58.0,0.0,0.0,album,False
If We Ever Meet Again,Lim Young Woong,2025-07-12,57,32,2.0,57.0,0.0,0.0,album,False
If We Ever Meet Again,Lim Young Woong,2025-08-14,58,32,2.0,58.0,0.0,-1.0,album,False
If We Ever Meet Again,Lim Young Woong,2025-10-01,56,48,2.0,56.0,0.0,-5.0,album,False
If We Ever Meet Again,Lim Young Woong,2025-10-07,55,50,2.0,55.0,0.0,-2.0,album,False
Impossible,RIIZE,2025-06-18,63,49,24.0,69.0,-6.0,-3.0,single,False
In Bloom,ZEROBASEONE,2024-07-17,76,48,3.0,73.0,3.0,-4.0,single,False
In Bloom,ZEROBASEONE,2024-07-22,79,50,3.0,78.0,1.0,-1.0,single,False
Interlude : Dive,Jimin,2024-05-24,77,48,4.0,78.0,-1.0,-10.0,single,False
Interlude : Dive,Jimin,2024-07-30,78,44,2.0,78.0,0.0,1.0,single,False
Interlude : Dive,Jimin,2024-09-14,77,26,2.0,77.0,0.0,6.0,single,False
Interlude : Dive,Jimin,2024-09-29,76,35,2.0,76.0,0.0,10.0,single,False
Interlude : Dive,Jimin,2024-10-06,77,37,7.0,,,,single,False
Interlude : Dive,Jimin,2024-10-12,77,39,3.0,77.0,0.0,6.0,single,False
Interlude : Dive,Jimin,2024-10-14,77,46,2.0,,,,single,False
Interlude : Dive,Jimin,2024-10-17,78,42,2.0,78.0,0.0,4.0,single,False
Interlude : Dive,Jimin,2024-10-22,79,35,2.0,78.0,1.0,-4.0,single,False
Interlude : Dive,Jimin,2025-01-30,77,44,3.0,77.0,0.0,-10.0,single,False
Interlude : Dive,Jimin,2025-02-02,77,47,2.0,77.0,0.0,-11.0,single,False
Interlude : Dive,Jimin,2025-02-04,77,48,2.0,,,,single,False
Interlude : Dive,Jimin,2025-02-08,77,49,2.0,77.0,0.0,-10.0,single,False
Interlude : Dive,Jimin,2025-02-14,76,24,3.0,77.0,-1.0,18.0,single,False
Interlude : Dive,Jimin,2025-02-24,76,39,3.0,76.0,0.0,5.0,single,False
Interlude : Dive,Jimin,2025-03-06,75,43,4.0,76.0,-1.0,-9.0,single,False
Interlude : Dive,Jimin,2025-03-15,75,34,2.0,75.0,0.0,-1.0,single,False
Interlude : Dive,Jimin,2025-03-26,74,27,2.0,74.0,0.0,0.0,single,False
Interlude : Dive,Jimin,2025-06-05,82,41,7.0,85.0,-3.0,2.0,single,False
Interlude : Dive,Jimin,2025-06-12,75,46,4.0,82.0,-7.0,4.0,single,False
Interlude : Dive,Jimin,2025-06-28,77,47,5.0,74.0,3.0,3.0,single,False
Interlude : Showtime,Jimin,2025-08-14,77,15,2.0,77.0,0.0,-2.0,album,False
Intro: Singularity,BTS,2024-08-21,71,49,3.0,70.0,1.0,-4.0,album,False
Intro: Singularity,BTS,2024-08-27,71,49,4.0,71.0,0.0,1.0,album,False
I’ll See You There Tomorrow,TOMORROW X TOGETHER,2025-04-23,78,45,3.0,78.0,0.0,-3.0,album,False
Jealousyvalhalla,YANGHONGWON,2025-05-26,48,16,4.0,46.0,2.0,28.0,single,False
K-POP,Travis Scott & Bad Bunny & The Weeknd,2024-07-29,91,46,3.0,4.0,87.0,1.0,single,True
Kill Bill,SZA,2024-05-21,94,46,2.0,94.0,0.0,0.0,album,False
Kill Bill,SZA,2024-06-11,94,49,2.0,94.0,0.0,0.0,album,False
Kill Bill,SZA,2024-06-23,94,47,4.0,94.0,0.0,0.0,album,False
Kitsch,IVE,2024-08-17,77,49,2.0,77.0,0.0,1.0,album,False
Kitsch,IVE,2024-08-19,76,50,2.0,,,,album,False
Klaxon,(G)I-DLE,2025-07-27,74,47,3.0,72.0,2.0,0.0,single,False
Klaxon,(G)I-DLE,2025-08-15,75,45,3.0,75.0,0.0,3.0,single,False
LOVE DIVE,IVE,2024-05-21,83,49,2.0,83.0,0.0,-1.0,single,False
LOVE DIVE,IVE,2024-05-29,83,49,7.0,83.0,0.0,1.0,single,False
LOVE DIVE,IVE,2024-06-19,83,48,21.0,,,,single,False
Last Christmas - Single Version,Wham!,2024-12-23,89,42,4.0,89.0,0.0,5.0,album,False
Left and Right (Feat. Jung Kook of BTS),Charlie Puth,2024-10-26,83,30,3.0,84.0,-1.0,2.0,album,False
Left and Right (Feat. Jung Kook of BTS),Charlie Puth,2024-11-28,82,29,29.0,83.0,-1.0,-10.0,album,False
Left and Right (Feat. Jung Kook of BTS),Charlie Puth,2024-12-28,79,42,27.0,82.0,-3.0,-20.0,album,False
Left and Right (Feat. Jung Kook of BTS),Charlie Puth,2025-01-21,83,44,2.0,83.0,0.0,4.0,album,False
Left and Right (Feat. Jung Kook of BTS),Charlie Puth,2025-01-28,83,50,4.0,83.0,0.0,0.0,album,False
Left and Right (Feat. Jung Kook of BTS),Charlie Puth,2025-02-10,83,46,12.0,83.0,0.0,4.0,album,False
Left and Right (Feat. Jung Kook of BTS),Charlie Puth,2025-08-18,78,47,189.0,,,,album,False
Left and Right (Feat. Jung Kook of BTS),Charlie Puth,2025-08-23,78,43,2.0,78.0,0.0,5.0,album,False
Let's Say Goodbye,Parc Jae Jung,2024-07-30,53,38,2.0,53.0,0.0,1.0,album,False
Let's Say Goodbye,Parc Jae Jung,2024-09-14,55,46,2.0,55.0,0.0,2.0,album,False
Like Crazy,Jimin,2025-03-15,91,1,2.0,91.0,0.0,0.0,single,False
Like Crazy,Jimin,2025-03-26,90,1,2.0,90.0,0.0,0.0,single,False
Like Crazy,Jimin,2025-07-12,88,1,2.0,88.0,0.0,0.0,single,False
Like Crazy,Jimin,2025-08-14,84,17,2.0,85.0,-1.0,-3.0,single,False
Like Crazy,Jimin,2025-09-05,80,33,2.0,81.0,-1.0,5.0,single,False
Like Crazy (Deep House Remix),Jimin,2024-05-28,73,43,8.0,74.0,-1.0,3.0,single,False
Like Crazy (Deep House Remix),Jimin,2024-05-30,72,48,2.0,,,,single,False
Like Crazy (Deep House Remix),Jimin,2024-06-01,72,47,2.0,,,,single,False
Like Crazy (Deep House Remix),Jimin,2024-06-08,72,45,5.0,72.0,0.0,1.0,single,False
Like Crazy (Deep House Remix),Jimin,2024-06-10,71,45,2.0,,,,single,False
Like Crazy (Deep House Remix),Jimin,2024-06-20,71,43,3.0,71.0,0.0,3.0,single,False
Like Crazy (Deep House Remix),Jimin,2024-06-27,71,45,3.0,71.0,0.0,2.0,single,False
Like Crazy (Deep House Remix),Jimin,2024-07-03,71,49,2.0,71.0,0.0,-10.0,single,False
Like Crazy (Deep House Remix),Jimin,2024-07-09,71,46,6.0,,,,single,False
Like Crazy (English Version),Jimin,2025-03-15,79,4,2.0,79.0,0.0,-1.0,single,False
Like Crazy (English Version),Jimin,2025-03-26,78,3,2.0,78.0,0.0,0.0,single,False
Like Crazy (English Version),Jimin,2025-07-12,74,7,2.0,74.0,0.0,-1.0,single,False
Like Crazy (Instrumental),Jimin,2024-06-14,68,49,2.0,68.0,0.0,-2.0,single,False
Like Crazy (Instrumental),Jimin,2024-06-21,68,41,6.0,68.0,0.0,7.0,single,False
Like Crazy (UK Garage Remix),Jimin,2024-05-28,72,44,8.0,73.0,-1.0,3.0,single,False
Like Crazy (UK Garage Remix),Jimin,2024-06-01,72,50,4.0,,,,single,False
Like Crazy (UK Garage Remix),Jimin,2024-06-03,72,49,2.0,,,,single,False
Like Crazy (UK Garage Remix),Jimin,2024-06-08,71,49,5.0,,,,single,False
Like Crazy (UK Garage Remix),Jimin,2024-06-10,71,48,2.0,,,,single,False
Like Crazy (UK Garage Remix),Jimin,2024-06-20,71,42,3.0,71.0,0.0,6.0,single,False
Like Crazy (UK Garage Remix),Jimin,2024-06-27,71,46,3.0,71.0,0.0,3.0,single,False
Like Crazy (UK Garage Remix),Jimin,2024-07-03,71,50,2.0,71.0,0.0,-8.0,single,False
Like That,Future & Metro Boomin,2025-03-29,90,46,2.0,87.0,3.0,2.0,album,True
Lilith (feat. SUGA of BTS) (Diablo IV Anthem),Halsey & SUGA,2024-07-22,85,46,3.0,86.0,-1.0,1.0,single,True
Lilith (feat. SUGA of BTS) (Diablo IV Anthem),Halsey & SUGA,2024-07-31,84,41,3.0,84.0,0.0,9.0,single,True
Lilith (feat. SUGA of BTS) (Diablo IV Anthem),Halsey & SUGA,2024-08-07,82,49,2.0,83.0,-1.0,-4.0,single,True
Lilith (feat. SUGA of BTS) (Diablo IV Anthem),Halsey & SUGA,2024-08-25,80,50,2.0,80.0,0.0,-4.0,single,True
Lilith (feat. SUGA of BTS) (Diablo IV Anthem),Halsey & SUGA,2024-08-30,79,47,4.0,80.0,-1.0,1.0,single,True
Lilith (feat. SUGA of BTS) (Diablo IV Anthem),Halsey & SUGA,2024-09-13,78,49,11.0,79.0,-1.0,-1.0,single,True
Little Light,DOYOUNG,2025-05-01,69,43,3.0,67.0,2.0,-3.0,album,False
London Boy,Lim Young Woong,2025-03-15,65,15,2.0,65.0,0.0,0.0,single,False
London Boy,Lim Young Woong,2025-03-26,63,17,2.0,64.0,-1.0,0.0,single,False
London Boy,Lim Young Woong,2025-07-12,60,26,2.0,60.0,0.0,-2.0,single,False
London Boy,Lim Young Woong,2025-08-14,61,24,2.0,61.0,0.0,-2.0,single,False
London Boy,Lim Young Woong,2025-10-15,58,45,2.0,58.0,0.0,0.0,single,False
London Boy,Lim Young Woong,2025-11-05,57,49,18.0,58.0,-1.0,-4.0,single,False
London Boy,Lim Young Woong,2025-11-08,57,50,3.0,,,,single,False
London Boy,Lim Young Woong,2025-11-13,57,49,4.0,57.0,0.0,1.0,single,False
London Boy,Lim Young Woong,2025-11-16,57,50,2.0,57.0,0.0,-1.0,single,False
London Boy,Lim Young Woong,2025-11-19,57,50,3.0,,,,single,False
Lost and Found,KingLee & Lil' Flip,2025-01-16,64,8,19.0,48.0,16.0,19.0,single,True
Love 119,RIIZE,2025-03-15,70,26,2.0,71.0,-1.0,0.0,single,False
Love 119,RIIZE,2025-03-26,69,30,2.0,69.0,0.0,1.0,single,False
Love 119,RIIZE,2025-04-23,69,50,3.0,69.0,0.0,-6.0,single,False
Love Always Run Away,Lim Young Woong,2024-05-23,58,47,5.0,58.0,0.0,3.0,single,False
Love Always Run Away,Lim Young Woong,2024-05-25,58,50,2.0,,,,single,False
Love Always Run Away,Lim Young Woong,2024-05-30,58,49,5.0,,,,single,False
Love Always Run Away,Lim Young Woong,2024-06-02,58,50,2.0,58.0,0.0,-1.0,single,False
Love Always Run Away,Lim Young Woong,2024-06-05,58,48,2.0,58.0,0.0,-1.0,single,False
Love Always Run Away,Lim Young Woong,2024-06-09,58,48,2.0,58.0,0.0,0.0,single,False
Love Always Run Away,Lim Young Woong,2024-06-13,58,47,3.0,58.0,0.0,0.0,single,False
Love Always Run Away,Lim Young Woong,2024-08-09,57,50,57.0,,,,single,False
Love Always Run Away,Lim Young Woong,2024-08-11,57,50,2.0,,,,single,False
Love Always Run Away,Lim Young Woong,2024-10-02,57,48,52.0,,,,single,False
Love Always Run Away,Lim Young Woong,2024-10-14,57,49,11.0,57.0,0.0,-1.0,single,False
Love Always Run Away,Lim Young Woong,2024-10-21,58,47,6.0,58.0,0.0,2.0,single,False
Love Always Run Away,Lim Young Woong,2025-02-12,59,46,3.0,59.0,0.0,4.0,single,False
Love Always Run Away,Lim Young Woong,2025-02-19,59,43,7.0,,,,single,False
Love Lee,AKMU,2024-11-12,81,50,2.0,81.0,0.0,-2.0,single,False
Love Letter,Lim Young Woong,2024-11-09,57,49,7.0,57.0,0.0,1.0,album,False
Love Letter,Lim Young Woong,2024-12-23,58,49,3.0,59.0,-1.0,-6.0,album,False
Love Letter,Lim Young Woong,2024-12-28,56,43,4.0,58.0,-2.0,4.0,album,False
Love Letter,Lim Young Woong,2025-01-07,58,46,2.0,58.0,0.0,-2.0,album,False
Love Letter,Lim Young Woong,2025-01-18,58,48,2.0,58.0,0.0,-4.0,album,False
Love Letter,Lim Young Woong,2025-01-22,58,50,2.0,58.0,0.0,0.0,album,False
Love Letter,Lim Young Woong,2025-01-27,58,48,5.0,,,,album,False
Love Letter,Lim Young Woong,2025-02-01,57,49,2.0,58.0,-1.0,0.0,album,False
Love Letter,Lim Young Woong,2025-02-07,57,50,6.0,,,,album,False
Love Me Again,V,2025-03-15,89,17,2.0,89.0,0.0,1.0,single,False
Love Me Again,V,2025-03-26,88,12,2.0,88.0,0.0,0.0,single,False
Love Me Again,V,2025-07-12,87,30,2.0,87.0,0.0,-1.0,single,False
Love Me Again,V,2025-08-14,87,31,2.0,87.0,0.0,-5.0,single,False
Love Me Like This,NMIXX,2024-06-05,79,50,3.0,80.0,-1.0,-4.0,single,False
Love Me Like This,NMIXX,2024-06-07,30,50,2.0,,,,single,False
Love Station,Lim Young Woong,2024-11-20,56,50,3.0,55.0,1.0,0.0,album,False
Love Station,Lim Young Woong,2024-11-23,56,49,2.0,56.0,0.0,1.0,album,False
Love Station,Lim Young Woong,2024-12-05,57,50,12.0,,,,album,False
Love You With All My Heart,Crush,2025-04-23,73,48,6.0,70.0,3.0,0.0,single,False
Love wins all,IU,2025-03-15,81,28,2.0,81.0,0.0,-1.0,single,False
Love wins all,IU,2025-03-26,79,34,2.0,80.0,-1.0,2.0,single,False
Love wins all,IU,2025-04-21,78,48,2.0,78.0,0.0,-1.0,single,False
Lovely Touch,Lim Young Woong,2024-06-03,56,48,10.0,56.0,0.0,-3.0,album,False
Lovely Touch,Lim Young Woong,2024-06-05,56,49,2.0,,,,album,False
Lovely Touch,Lim Young Woong,2024-10-22,56,49,138.0,56.0,0.0,-1.0,album,False
Lovely Touch,Lim Young Woong,2025-02-11,58,50,2.0,58.0,0.0,-6.0,album,False
Lovely Touch,Lim Young Woong,2025-02-19,58,44,8.0,,,,album,False
Lovin On Me,Jack Harlow,2025-01-18,99,49,3.0,99.0,0.0,1.0,single,True
Lovin On Me,Jack Harlow,2025-01-24,99,47,2.0,99.0,0.0,-1.0,single,True
Loving You,Lim Young Woong,2024-11-19,56,47,2.0,56.0,0.0,0.0,album,False
Loving You,Lim Young Woong,2024-12-04,57,46,12.0,56.0,1.0,2.0,album,False
Loving You,Lim Young Woong,2024-12-06,57,50,2.0,,,,album,False
Lucky Girl Syndrome,ILLIT,2025-04-23,76,44,17.0,73.0,3.0,1.0,single,False
Lucky Girl Syndrome,ILLIT,2025-05-27,78,45,2.0,78.0,0.0,-8.0,single,False
Lucky Girl Syndrome,ILLIT,2025-06-02,77,43,3.0,78.0,-1.0,2.0,single,False
Lucky Girl Syndrome,ILLIT,2025-06-12,72,48,3.0,73.0,-1.0,1.0,single,False
MAESTRO,SEVENTEEN,2025-05-15,81,49,4.0,81.0,0.0,-8.0,album,False
MANIAC,VIVIZ,2025-02-03,81,48,2.0,81.0,0.0,-2.0,single,False
MANIAC,VIVIZ,2025-02-09,81,48,5.0,81.0,0.0,1.0,single,False
MANIAC,VIVIZ,2025-02-14,82,49,2.0,82.0,0.0,-2.0,single,False
MANIAC,VIVIZ,2025-02-28,83,50,11.0,82.0,1.0,-1.0,single,False
MEOW,MEOVV,2025-10-25,58,45,2.0,76.0,-18.0,2.0,single,False
MILLION DOLLAR BABY,Tommy Richman,2025-07-12,94,24,2.0,94.0,0.0,1.0,single,False
MILLION DOLLAR BABY,Tommy Richman,2025-08-14,95,28,2.0,95.0,0.0,2.0,single,False
MILLION DOLLAR BABY,Tommy Richman,2025-09-07,93,50,3.0,93.0,0.0,-1.0,single,False
Magnetic,ILLIT,2025-07-12,89,14,2.0,89.0,0.0,0.0,single,False
Magnetic,ILLIT,2025-08-14,88,13,2.0,88.0,0.0,2.0,single,False
Mars,D.O.,2025-05-18,70,47,6.0,65.0,5.0,1.0,single,False
Melt Down,DAY6,2025-10-06,65,40,2.0,65.0,0.0,-3.0,album,False
Melt Down,DAY6,2025-10-08,65,41,2.0,,,,album,False
Melt Down,DAY6,2025-11-01,62,46,2.0,62.0,0.0,2.0,album,False
Melt Down,DAY6,2025-11-10,61,42,3.0,62.0,-1.0,8.0,album,False
Memories,RIIZE,2024-09-05,71,24,3.0,70.0,1.0,23.0,single,False
Memories,RIIZE,2024-09-18,73,47,2.0,73.0,0.0,-6.0,single,False
Memories,RIIZE,2024-09-25,73,50,2.0,73.0,0.0,-3.0,single,False
Memories,RIIZE,2024-10-02,74,47,4.0,73.0,1.0,-3.0,single,False
Midas Touch,KISS OF LIFE,2025-06-19,75,49,2.0,75.0,0.0,-4.0,single,False
Midas Touch,KISS OF LIFE,2025-06-29,77,50,8.0,75.0,2.0,-1.0,single,False
My Love Mine All Mine,Mitski,2024-12-23,97,48,3.0,98.0,-1.0,0.0,album,False
My Love Mine All Mine,Mitski,2024-12-28,95,44,5.0,,,,album,False
My Love Mine All Mine,Mitski,2025-01-09,98,47,3.0,98.0,0.0,2.0,album,False
My Love Mine All Mine,Mitski,2025-02-14,99,42,2.0,99.0,0.0,-3.0,album,False
My Love Mine All Mine,Mitski,2025-03-02,98,46,5.0,99.0,-1.0,4.0,album,False
My Love Mine All Mine,Mitski,2025-03-15,96,50,2.0,97.0,-1.0,-3.0,album,False
My Love Mine All Mine,Mitski,2025-03-19,96,47,4.0,,,,album,False
My Love Mine All Mine,Mitski,2025-03-22,96,50,2.0,96.0,0.0,-2.0,album,False
My Love Mine All Mine,Mitski,2025-03-27,95,41,5.0,,,,album,False
My Love Mine All Mine,Mitski,2025-03-30,95,49,2.0,95.0,0.0,-3.0,album,False
My Starry Love,Lim Young Woong,2024-12-13,58,48,5.0,58.0,0.0,-6.0,single,False
My Starry Love,Lim Young Woong,2025-01-03,55,50,21.0,,,,single,False
My Starry Love,Lim Young Woong,2025-01-11,57,49,8.0,,,,single,False
My You,Jung Kook,2024-07-27,87,49,5.0,88.0,-1.0,-14.0,single,False
My You,Jung Kook,2024-07-31,86,50,3.0,87.0,-1.0,-1.0,single,False
My You,Jung Kook,2024-08-03,85,47,2.0,86.0,-1.0,3.0,single,False
My You,Jung Kook,2024-08-07,85,50,3.0,85.0,0.0,-2.0,single,False
My You,Jung Kook,2024-08-10,84,50,2.0,85.0,-1.0,0.0,single,False
My You,Jung Kook,2024-09-30,79,47,50.0,84.0,-5.0,0.0,single,False
NEMONEMO,YENA,2025-10-22,68,48,2.0,67.0,1.0,2.0,single,False
NEMONEMO,YENA,2025-10-25,68,50,2.0,68.0,0.0,-6.0,single,False
NEMONEMO,YENA,2025-11-01,69,48,4.0,69.0,0.0,2.0,single,False
NEMONEMO,YENA,2025-11-05,69,44,2.0,69.0,0.0,4.0,single,False
NEMONEMO,YENA,2025-11-12,69,49,6.0,69.0,0.0,-2.0,single,False
NIGHT DANCER - BIG Naughty Remix,imase & BIG Naughty,2024-06-03,59,50,11.0,53.0,6.0,-9.0,single,False
Nest,Lim Young Woong,2024-12-11,59,46,2.0,59.0,0.0,4.0,album,False
Nest,Lim Young Woong,2024-12-13,59,50,2.0,,,,album,False
Nest,Lim Young Woong,2024-12-19,58,49,4.0,59.0,-1.0,0.0,album,False
Nest,Lim Young Woong,2024-12-30,55,50,11.0,,,,album,False
Nest,Lim Young Woong,2025-01-03,56,49,4.0,,,,album,False
Nest,Lim Young Woong,2025-01-11,57,50,8.0,,,,album,False
Never Let Go,Jung Kook,2025-07-12,90,20,2.0,90.0,0.0,0.0,single,False
Never Let Go,Jung Kook,2025-08-14,87,25,2.0,87.0,0.0,0.0,single,False
New Jeans,NewJeans,2024-11-03,84,48,5.0,85.0,-1.0,1.0,single,False
New Jeans,NewJeans,2024-12-28,79,47,55.0,,,,single,False
New Jeans,NewJeans,2025-01-01,80,50,2.0,80.0,0.0,-2.0,single,False
New Jeans,NewJeans,2025-01-04,81,50,2.0,81.0,0.0,0.0,single,False
New Jeans,NewJeans,2025-01-06,82,41,2.0,,,,single,False
New Jeans,NewJeans,2025-01-09,83,50,3.0,,,,single,False
New Jeans,NewJeans,2025-01-13,83,49,4.0,,,,single,False
New Jeans,NewJeans,2025-02-10,83,45,26.0,83.0,0.0,4.0,single,False
New Jeans,NewJeans,2025-02-12,83,43,2.0,,,,single,False
New Jeans,NewJeans,2025-02-14,83,48,2.0,,,,single,False
New Jeans,NewJeans,2025-02-28,83,48,10.0,83.0,0.0,0.0,single,False
New Jeans,NewJeans,2025-03-08,82,45,2.0,82.0,0.0,2.0,single,False
New Jeans,NewJeans,2025-03-16,81,49,6.0,81.0,0.0,-2.0,single,False
New Jeans,NewJeans,2025-03-18,81,47,2.0,,,,single,False
New Jeans,NewJeans,2025-03-20,81,50,2.0,,,,single,False
New Jeans,NewJeans,2025-03-22,80,49,2.0,,,,single,False
New Jeans,NewJeans,2025-03-26,80,46,2.0,80.0,0.0,4.0,single,False
New Jeans,NewJeans,2025-04-27,80,40,7.0,81.0,-1.0,8.0,single,False
New Jeans,NewJeans,2025-07-12,77,45,2.0,77.0,0.0,-3.0,single,False
New Jeans,NewJeans,2025-08-11,78,50,8.0,78.0,0.0,-5.0,single,False
New Jeans,NewJeans,2025-08-14,78,44,2.0,78.0,0.0,6.0,single,False
New Jeans,NewJeans,2025-08-18,78,50,2.0,78.0,0.0,-1.0,single,False
New Jeans,NewJeans,2025-10-21,76,44,63.0,78.0,-2.0,6.0,single,False
Nice Guy,BOYNEXTDOOR,2025-10-04,70,49,5.0,70.0,0.0,-3.0,album,False
No Tomorrow - Spotify Singles,Various Artists,2025-04-10,45,46,2.0,30.0,15.0,4.0,single,False
Not Like Us,Kendrick Lamar,2025-05-30,98,48,5.0,98.0,0.0,-19.0,single,True
Not Like Us,Kendrick Lamar,2025-06-22,93,47,21.0,98.0,-5.0,-3.0,single,True
Not Like Us,Kendrick Lamar,2025-07-07,96,40,8.0,95.0,1.0,4.0,single,True
Not Like Us,Kendrick Lamar,2025-07-12,96,42,2.0,96.0,0.0,-2.0,single,True
Not Like Us,Kendrick Lamar,2025-07-31,97,47,3.0,97.0,0.0,-1.0,single,True
OMG,NewJeans,2024-12-02,86,42,35.0,87.0,-1.0,6.0,single,False
OMG,NewJeans,2024-12-28,83,40,4.0,85.0,-2.0,6.0,single,False
OMG,NewJeans,2025-01-28,87,49,2.0,87.0,0.0,1.0,single,False
OMG,NewJeans,2025-02-01,87,50,3.0,87.0,0.0,-1.0,single,False
OMG,NewJeans,2025-02-04,87,50,3.0,,,,single,False
OMG,NewJeans,2025-02-10,87,43,6.0,,,,single,False
OMG,NewJeans,2025-02-14,87,47,2.0,86.0,1.0,-6.0,single,False
OMG,NewJeans,2025-04-01,82,48,42.0,87.0,-5.0,-3.0,single,False
OMG,NewJeans,2025-04-28,82,41,27.0,,,,single,False
OMG,NewJeans,2025-05-20,81,50,2.0,81.0,0.0,-1.0,single,False
OMG,NewJeans,2025-06-01,81,45,10.0,81.0,0.0,5.0,single,False
OMG,NewJeans,2025-07-12,79,46,2.0,79.0,0.0,-1.0,single,False
OMG,NewJeans,2025-07-24,80,42,3.0,80.0,0.0,8.0,single,False
OMG,NewJeans,2025-08-17,80,50,17.0,80.0,0.0,-2.0,single,False
OMG,NewJeans,2025-10-13,78,41,55.0,80.0,-2.0,3.0,single,False
"Our Blues, Our Life",Lim Young Woong,2024-07-10,60,45,6.0,60.0,0.0,-5.0,album,False
"Our Blues, Our Life",Lim Young Woong,2024-07-31,59,47,5.0,60.0,-1.0,3.0,album,False
"Our Blues, Our Life",Lim Young Woong,2024-08-20,58,49,3.0,58.0,0.0,-2.0,album,False
"Our Blues, Our Life",Lim Young Woong,2024-08-24,58,47,4.0,,,,album,False
"Our Blues, Our Life",Lim Young Woong,2024-09-03,58,44,5.0,58.0,0.0,6.0,album,False
"Our Blues, Our Life",Lim Young Woong,2024-09-10,59,37,4.0,58.0,1.0,12.0,album,False
"Our Blues, Our Life",Lim Young Woong,2024-09-29,58,47,2.0,58.0,0.0,-6.0,album,False
"Our Blues, Our Life",Lim Young Woong,2024-10-07,58,49,2.0,58.0,0.0,-4.0,album,False
"Our Blues, Our Life",Lim Young Woong,2024-10-13,58,39,4.0,58.0,0.0,7.0,album,False
"Our Blues, Our Life",Lim Young Woong,2025-03-15,58,37,2.0,58.0,0.0,1.0,album,False
"Our Blues, Our Life",Lim Young Woong,2025-03-26,57,37,2.0,57.0,0.0,1.0,album,False
"Our Blues, Our Life",Lim Young Woong,2025-04-24,57,47,2.0,57.0,0.0,0.0,album,False
"Our Blues, Our Life",Lim Young Woong,2025-04-29,57,50,2.0,57.0,0.0,-1.0,album,False
"Our Blues, Our Life",Lim Young Woong,2025-05-02,57,50,2.0,57.0,0.0,-2.0,album,False
"Our Blues, Our Life",Lim Young Woong,2025-05-07,56,42,3.0,56.0,0.0,7.0,album,False
"Our Blues, Our Life",Lim Young Woong,2025-05-10,56,46,2.0,56.0,0.0,3.0,album,False
"Our Blues, Our Life",Lim Young Woong,2025-05-16,56,46,2.0,56.0,0.0,1.0,album,False
"Our Blues, Our Life",Lim Young Woong,2025-05-20,57,48,2.0,57.0,0.0,2.0,album,False
"Our Blues, Our Life",Lim Young Woong,2025-06-10,51,49,20.0,57.0,-6.0,0.0,album,False
"Our Blues, Our Life",Lim Young Woong,2025-06-21,51,50,10.0,51.0,0.0,-1.0,album,False
"Our Blues, Our Life",Lim Young Woong,2025-06-24,52,39,3.0,,,,album,False
"Our Blues, Our Life",Lim Young Woong,2025-06-30,54,50,3.0,53.0,1.0,0.0,album,False
"Our Blues, Our Life",Lim Young Woong,2025-07-04,55,49,3.0,55.0,0.0,-1.0,album,False
"Our Blues, Our Life",Lim Young Woong,2025-07-06,56,48,2.0,,,,album,False
"Our Blues, Our Life",Lim Young Woong,2025-07-09,55,48,2.0,56.0,-1.0,0.0,album,False
"Our Blues, Our Life",Lim Young Woong,2025-07-15,56,46,5.0,55.0,1.0,4.0,album,False
"Our Blues, Our Life",Lim Young Woong,2025-07-22,56,46,2.0,56.0,0.0,-3.0,album,False
"Our Blues, Our Life",Lim Young Woong,2025-08-05,56,49,12.0,56.0,0.0,-1.0,album,False
"Our Blues, Our Life",Lim Young Woong,2025-08-09,55,46,2.0,56.0,-1.0,3.0,album,False
"Our Blues, Our Life",Lim Young Woong,2025-08-12,56,49,3.0,,,,album,False
"Our Blues, Our Life",Lim Young Woong,2025-08-14,56,50,2.0,,,,album,False
People Pt.2 (feat. IU),Agust D,2024-06-07,80,45,4.0,80.0,0.0,-2.0,album,False
People Pt.2 (feat. IU),Agust D,2024-07-02,78,35,25.0,,,,album,False
Perfect Night,LE SSERAFIM,2025-03-15,88,16,2.0,88.0,0.0,0.0,single,False
Perfect Night,LE SSERAFIM,2025-03-26,87,18,2.0,87.0,0.0,0.0,single,False
Perfect Night,LE SSERAFIM,2025-05-13,85,50,3.0,85.0,0.0,-3.0,single,False
Perfect Night,LE SSERAFIM,2025-05-20,84,46,6.0,85.0,-1.0,3.0,single,False
Perfect Night,LE SSERAFIM,2025-05-23,84,49,3.0,,,,single,False
Perfect Night,LE SSERAFIM,2025-06-01,84,48,7.0,84.0,0.0,2.0,single,False
Perfect Night,LE SSERAFIM,2025-06-03,83,46,2.0,,,,single,False
Perfect Night,LE SSERAFIM,2025-06-14,78,50,3.0,78.0,0.0,0.0,single,False
Perfect Night,LE SSERAFIM,2025-08-10,81,42,51.0,78.0,3.0,8.0,single,False
Perfect Night,LE SSERAFIM,2025-08-14,81,37,2.0,81.0,0.0,4.0,single,False
Perfect Night,LE SSERAFIM,2025-08-25,81,50,6.0,81.0,0.0,-10.0,single,False
Perfect Night,LE SSERAFIM,2025-08-28,81,48,3.0,,,,single,False
Perfect Night,LE SSERAFIM,2025-09-01,81,45,4.0,,,,single,False
Please Don't Change (feat. DJ Snake),Jung Kook,2024-12-23,85,46,2.0,86.0,-1.0,-1.0,album,False
Please Don't Change (feat. DJ Snake),Jung Kook,2024-12-28,82,50,5.0,,,,album,False
Please Don't Change (feat. DJ Snake),Jung Kook,2025-01-01,83,45,2.0,83.0,0.0,-1.0,album,False
Please Don't Change (feat. DJ Snake),Jung Kook,2025-01-21,84,36,5.0,84.0,0.0,9.0,album,False
Please Don't Change (feat. DJ Snake),Jung Kook,2025-01-23,84,49,2.0,,,,album,False
Please Don't Change (feat. DJ Snake),Jung Kook,2025-01-26,84,49,2.0,84.0,0.0,-1.0,album,False
Please Don't Change (feat. DJ Snake),Jung Kook,2025-02-03,84,46,8.0,,,,album,False
Please Don't Change (feat. DJ Snake),Jung Kook,2025-02-05,84,50,2.0,,,,album,False
Please Don't Change (feat. DJ Snake),Jung Kook,2025-02-13,83,45,6.0,84.0,-1.0,3.0,album,False
Please Don't Change (feat. DJ Snake),Jung Kook,2025-03-15,81,49,6.0,82.0,-1.0,-8.0,album,False
Please Please Please,Sabrina Carpenter,2025-07-12,98,40,2.0,98.0,0.0,-6.0,single,True
Please Please Please,Sabrina Carpenter,2025-07-23,98,50,2.0,99.0,-1.0,-5.0,single,True
Please Please Please,Sabrina Carpenter,2025-08-01,98,50,8.0,98.0,0.0,-1.0,single,True
Please Please Please,Sabrina Carpenter,2025-08-15,98,47,13.0,98.0,0.0,3.0,single,True
Please Please Please,Sabrina Carpenter,2025-08-24,97,33,8.0,98.0,-1.0,14.0,single,True
Pleasure Shop,KEY,2025-09-29,57,48,2.0,54.0,3.0,2.0,single,False
Polaroid,Lim Young Woong,2025-03-15,62,19,2.0,62.0,0.0,0.0,single,False
Polaroid,Lim Young Woong,2025-03-26,61,20,2.0,61.0,0.0,0.0,single,False
Polaroid,Lim Young Woong,2025-07-12,58,29,2.0,58.0,0.0,1.0,single,False
Polaroid,Lim Young Woong,2025-08-14,58,26,2.0,58.0,0.0,-2.0,single,False
Promise,Jimin,2024-05-28,77,45,8.0,78.0,-1.0,-2.0,single,False
Promise,Jimin,2024-05-30,77,42,2.0,,,,single,False
Promise,Jimin,2024-06-02,77,42,3.0,,,,single,False
Promise,Jimin,2024-06-08,77,50,6.0,,,,single,False
Promise,Jimin,2024-06-10,77,50,2.0,,,,single,False
Promise,Jimin,2024-06-28,77,42,2.0,77.0,0.0,3.0,single,False
Promise,Jimin,2024-07-03,77,47,2.0,77.0,0.0,-6.0,single,False
Promise,Jimin,2024-07-07,77,46,3.0,77.0,0.0,3.0,single,False
Promise,Jimin,2024-07-12,77,49,2.0,77.0,0.0,-2.0,single,False
Pump Up The Volume!,PLAVE,2025-09-17,67,47,2.0,67.0,0.0,-2.0,single,False
Pump Up The Volume!,PLAVE,2025-10-24,63,47,33.0,67.0,-4.0,0.0,single,False
Queencard,(G)I-DLE,2024-09-24,85,50,13.0,87.0,-2.0,-7.0,single,False
Queencard,(G)I-DLE,2024-09-29,85,49,5.0,,,,single,False
Rainbow,Lim Young Woong,2024-07-08,60,50,4.0,60.0,0.0,-13.0,album,False
Rainbow,Lim Young Woong,2024-07-10,60,43,2.0,,,,album,False
Rainbow,Lim Young Woong,2024-07-31,59,46,5.0,60.0,-1.0,2.0,album,False
Rainbow,Lim Young Woong,2024-09-01,58,50,2.0,58.0,0.0,0.0,album,False
Rainbow,Lim Young Woong,2024-09-10,59,36,2.0,58.0,1.0,13.0,album,False
Rainbow,Lim Young Woong,2025-03-15,58,31,2.0,59.0,-1.0,0.0,album,False
Rainbow,Lim Young Woong,2025-03-26,57,33,2.0,57.0,0.0,0.0,album,False
Rainbow,Lim Young Woong,2025-06-04,55,49,13.0,57.0,-2.0,0.0,album,False
Rainbow,Lim Young Woong,2025-06-07,55,50,3.0,,,,album,False
Rainbow,Lim Young Woong,2025-06-16,50,49,5.0,51.0,-1.0,-1.0,album,False
Rainbow,Lim Young Woong,2025-06-18,51,50,2.0,,,,album,False
Rainbow,Lim Young Woong,2025-06-21,51,48,3.0,,,,album,False
Rainbow,Lim Young Woong,2025-06-24,52,42,3.0,,,,album,False
Rainbow,Lim Young Woong,2025-06-30,54,46,2.0,54.0,0.0,3.0,album,False
Rainbow,Lim Young Woong,2025-07-12,55,47,2.0,55.0,0.0,-4.0,album,False
Rainbow,Lim Young Woong,2025-07-15,56,45,2.0,56.0,0.0,2.0,album,False
Rainbow,Lim Young Woong,2025-07-29,56,47,5.0,56.0,0.0,-3.0,album,False
Rainbow,Lim Young Woong,2025-08-04,56,48,5.0,56.0,0.0,-1.0,album,False
Rainbow,Lim Young Woong,2025-08-12,56,47,3.0,55.0,1.0,-4.0,album,False
Rainy Days,V,2025-03-02,81,50,10.0,82.0,-1.0,-17.0,single,False
Rainy Days,V,2025-03-11,80,44,2.0,80.0,0.0,6.0,single,False
Rainy Days,V,2025-03-15,79,48,2.0,80.0,-1.0,2.0,single,False
Rainy Days,V,2025-03-24,79,44,8.0,79.0,0.0,-5.0,single,False
Rebirth (Intro),Jimin,2025-08-14,79,10,2.0,79.0,0.0,-1.0,album,False
Right Now,NewJeans,2025-07-12,77,17,2.0,76.0,1.0,-1.0,single,False
Right Now,NewJeans,2025-08-14,77,38,2.0,77.0,0.0,6.0,single,False
Rockstar,LISA,2025-07-12,90,41,2.0,90.0,0.0,-6.0,single,True
SHEESH,BABYMONSTER,2025-07-04,85,50,4.0,84.0,1.0,-3.0,single,False
SOS,KANGDANIEL,2024-08-12,73,47,2.0,74.0,-1.0,-17.0,single,False
SOS,KANGDANIEL,2024-08-23,72,45,2.0,72.0,0.0,-4.0,single,False
SOS,KANGDANIEL,2024-08-31,70,49,8.0,,,,single,False
SPOT!,ZICO & JENNIE,2025-07-12,83,36,2.0,84.0,-1.0,-3.0,single,False
SPOT!,ZICO & JENNIE,2025-10-21,78,45,88.0,83.0,-5.0,2.0,single,False
STUPID IN LOVE (feat. HUH YUNJIN of LE SSERAFIM),MAX,2025-03-06,72,49,16.0,42.0,30.0,-3.0,album,False
STUPID IN LOVE (feat. HUH YUNJIN of LE SSERAFIM),MAX,2025-03-23,74,48,16.0,73.0,1.0,-3.0,album,False
STUPID IN LOVE (feat. HUH YUNJIN of LE SSERAFIM),MAX,2025-03-26,74,32,2.0,74.0,0.0,17.0,album,False
Saturn,SZA,2025-03-08,90,49,7.0,86.0,4.0,-6.0,single,False
Saturn,SZA,2025-03-08,90,49,7.0,87.0,3.0,-2.0,single,False
Saturn,SZA,2025-03-15,91,46,2.0,91.0,0.0,0.0,single,False
Set Me Free Pt.2,Jimin,2025-03-15,78,7,2.0,78.0,0.0,-1.0,single,True
Set Me Free Pt.2,Jimin,2025-03-26,77,4,2.0,78.0,-1.0,1.0,single,True
Set Me Free Pt.2,Jimin,2025-07-12,78,9,2.0,78.0,0.0,-2.0,single,True
Seven (feat. Latto) (Alesso Remix),Jung Kook & Latto,2024-09-05,71,46,6.0,68.0,3.0,-29.0,single,True
Seven (feat. Latto) (Alesso Remix),Jung Kook & Latto,2024-09-07,72,24,2.0,,,,single,True
Seven (feat. Latto) (Band Ver.),Jung Kook & Latto,2024-07-27,77,34,5.0,75.0,2.0,-18.0,single,False
Seven (feat. Latto) (Band Ver.),Jung Kook & Latto,2024-08-02,77,49,3.0,77.0,0.0,-3.0,single,False
Seven (feat. Latto) (Band Ver.),Jung Kook & Latto,2024-08-05,77,49,3.0,,,,single,False
Seven (feat. Latto) (Explicit Ver.),Jung Kook,2025-03-15,88,2,2.0,88.0,0.0,0.0,album,True
Seven (feat. Latto) (Explicit Ver.),Jung Kook,2025-03-26,87,2,2.0,87.0,0.0,0.0,album,True
Seven (feat. Latto) (Explicit Ver.),Jung Kook,2025-07-12,85,3,2.0,85.0,0.0,0.0,album,True
Seven (feat. Latto) (Explicit Ver.),Jung Kook,2025-08-14,86,2,2.0,86.0,0.0,0.0,album,True
Seven (feat. Latto) (Explicit Ver.),Jung Kook & Latto,2024-07-19,95,1,3.0,86.0,9.0,0.0,single,True
Seven (feat. Latto) (Instrumental),Jung Kook & Latto,2024-07-19,80,10,3.0,74.0,6.0,0.0,single,False
Seven (feat. Latto) (Summer Mix),Jung Kook & Latto,2024-07-27,77,35,5.0,76.0,1.0,-23.0,single,False
Shot Glass of Tears,Jung Kook,2024-12-12,86,47,2.0,86.0,0.0,0.0,album,False
Shot Glass of Tears,Jung Kook,2024-12-15,85,45,2.0,85.0,0.0,-4.0,album,False
Shot Glass of Tears,Jung Kook,2024-12-19,85,50,3.0,85.0,0.0,-1.0,album,False
Shot Glass of Tears,Jung Kook,2024-12-29,81,50,10.0,,,,album,False
Shot Glass of Tears,Jung Kook,2025-03-01,80,44,62.0,,,,album,False
Slow Dance (feat. Sofia Carson),Jimin,2025-08-14,80,8,2.0,80.0,0.0,-1.0,album,False
Slow Dancing,V,2024-09-17,91,6,3.0,89.0,2.0,-1.0,single,False
Slow Dancing,V,2025-03-15,87,36,2.0,87.0,0.0,5.0,single,False
Slow Dancing,V,2025-03-26,85,26,2.0,85.0,0.0,-1.0,single,False
Slow Dancing,V,2025-05-02,83,48,2.0,83.0,0.0,1.0,single,False
Slow Dancing,V,2025-05-04,82,48,2.0,,,,single,False
Slow Dancing,V,2025-05-07,82,44,2.0,82.0,0.0,4.0,single,False
Slow Dancing (Piano Ver.),V,2024-12-31,79,49,54.0,86.0,-7.0,-1.0,single,False
Small girl (feat. D.O.),Lee Young Ji,2025-07-12,76,11,2.0,75.0,1.0,-1.0,single,False
Small girl (feat. D.O.),Lee Young Ji,2025-08-14,76,27,2.0,77.0,-1.0,1.0,single,False
Small girl (feat. D.O.),Lee Young Ji,2025-09-02,75,43,2.0,75.0,0.0,1.0,single,False
Small girl (feat. D.O.),Lee Young Ji,2025-09-09,74,44,6.0,75.0,-1.0,-1.0,single,False
Small girl (feat. D.O.),Lee Young Ji,2025-09-13,74,50,2.0,74.0,0.0,-3.0,single,False
Smart,LE SSERAFIM,2025-03-15,87,9,2.0,87.0,0.0,1.0,single,False
Smart,LE SSERAFIM,2025-03-26,47,11,2.0,0.0,47.0,-1.0,single,False
Smart,LE SSERAFIM,2025-05-27,80,39,2.0,80.0,0.0,-3.0,single,False
Smeraldo Garden Marching Band (feat. Loco),Jimin,2025-08-14,80,4,2.0,80.0,0.0,0.0,album,False
Smeraldo Garden Marching Band (feat. Loco),Jimin & Loco,2025-07-12,91,2,2.0,91.0,0.0,0.0,single,False
Snowman,Sia,2024-12-21,94,34,2.0,94.0,0.0,10.0,album,False
Somebody,Jung Kook,2024-12-06,86,48,2.0,86.0,0.0,-1.0,album,False
Somebody,Jung Kook,2024-12-10,86,50,2.0,86.0,0.0,-3.0,album,False
Somebody,Jung Kook,2024-12-12,86,48,2.0,,,,album,False
Somebody,Jung Kook,2024-12-16,85,46,2.0,86.0,-1.0,-3.0,album,False
Somebody,Jung Kook,2024-12-21,84,49,5.0,,,,album,False
Somebody,Jung Kook,2025-01-25,82,50,35.0,,,,album,False
Somebody,Jung Kook,2025-01-28,82,46,3.0,,,,album,False
Somebody,Jung Kook,2025-02-02,82,48,2.0,82.0,0.0,0.0,album,False
Somebody,Jung Kook,2025-02-08,82,47,6.0,,,,album,False
Somebody,Jung Kook,2025-02-10,82,48,2.0,,,,album,False
Somebody,Jung Kook,2025-02-13,81,49,3.0,,,,album,False
Somebody,Jung Kook,2025-02-17,81,45,3.0,81.0,0.0,-4.0,album,False
Somebody,Jung Kook,2025-02-26,81,45,9.0,,,,album,False
Somebody,Jung Kook,2025-03-07,80,41,2.0,80.0,0.0,1.0,album,False
Somebody,Jung Kook,2025-03-10,79,50,2.0,80.0,-1.0,-8.0,album,False
Spicy,aespa,2024-09-15,80,46,3.0,81.0,-1.0,4.0,single,False
Spring Snow,10CM,2025-05-19,69,44,2.0,60.0,9.0,6.0,single,False
Spring Snow,10CM,2025-05-22,72,46,3.0,,,,single,False
Spring Snow,10CM,2025-05-29,76,50,4.0,74.0,2.0,-12.0,single,False
Standing Next to You,Jung Kook,2025-03-03,95,8,2.0,95.0,0.0,0.0,album,False
Standing Next to You,Jung Kook,2025-03-03,95,8,2.0,95.0,0.0,0.0,album,False
Standing Next to You,Jung Kook,2025-03-15,93,5,2.0,93.0,0.0,3.0,album,False
Standing Next to You,Jung Kook,2025-03-26,92,7,2.0,92.0,0.0,-1.0,album,False
Standing Next to You,Jung Kook,2025-07-12,89,12,2.0,89.0,0.0,0.0,album,False
Standing Next to You,Jung Kook,2025-08-14,90,9,2.0,90.0,0.0,1.0,album,False
Stay Alive (Prod. SUGA of BTS),Jung Kook,2024-08-12,80,49,25.0,83.0,-3.0,-13.0,single,False
Steady,NCT WISH,2025-10-02,59,48,3.0,56.0,3.0,-11.0,album,False
"Steal The Show - From ""Elemental""",Lauv,2024-09-09,77,44,3.0,77.0,0.0,4.0,single,False
Sticky,KISS OF LIFE,2025-07-12,75,6,2.0,73.0,2.0,2.0,single,False
Sticky,KISS OF LIFE,2025-08-14,82,11,2.0,82.0,0.0,0.0,single,False
Sticky,KISS OF LIFE,2025-10-21,79,49,2.0,79.0,0.0,-9.0,single,False
Still With You,Jung Kook,2024-10-23,84,44,3.0,84.0,0.0,-7.0,single,False
Sudden Shower,ECLIPSE,2025-05-15,74,50,5.0,72.0,2.0,-2.0,single,False
Sudden Shower,ECLIPSE,2025-05-21,77,48,3.0,76.0,1.0,-5.0,single,False
Sudden Shower,ECLIPSE,2025-05-28,78,38,3.0,78.0,0.0,3.0,single,False
Sudden Shower,ECLIPSE,2025-07-12,78,38,2.0,78.0,0.0,-2.0,single,False
Sugarcoat (NATTY Solo),KISS OF LIFE,2024-08-24,73,44,2.0,73.0,0.0,6.0,single,False
Sugarcoat (NATTY Solo),KISS OF LIFE,2024-09-09,74,49,3.0,74.0,0.0,-2.0,single,False
Sugarcoat (NATTY Solo),KISS OF LIFE,2024-09-13,74,46,4.0,,,,single,False
Sunflower - Spider-Man: Into the Spider-Verse,Post Malone,2024-07-07,89,50,3.0,88.0,1.0,-18.0,album,False
Sunflower - Spider-Man: Into the Spider-Verse,Post Malone,2024-07-10,89,46,2.0,89.0,0.0,-1.0,album,False
Sunflower - Spider-Man: Into the Spider-Verse,Post Malone,2024-07-16,89,50,2.0,89.0,0.0,-1.0,album,False
Sunflower - Spider-Man: Into the Spider-Verse,Post Malone,2024-07-21,88,48,5.0,,,,album,False
Sunflower - Spider-Man: Into the Spider-Verse,Post Malone,2024-09-24,85,47,64.0,88.0,-3.0,0.0,album,False
Super,SEVENTEEN,2024-07-07,88,47,3.0,88.0,0.0,-14.0,single,False
Super,SEVENTEEN,2024-07-31,86,49,3.0,87.0,-1.0,-1.0,single,False
Super Lady,(G)I-DLE,2025-02-15,81,48,3.0,81.0,0.0,-3.0,album,False
Super Shy,NewJeans,2025-03-15,86,33,2.0,86.0,0.0,3.0,single,False
Super Shy,NewJeans,2025-03-26,85,31,2.0,85.0,0.0,-2.0,single,False
Super Shy,NewJeans,2025-07-12,81,39,2.0,81.0,0.0,-1.0,single,False
Super Shy,NewJeans,2025-08-14,81,35,2.0,81.0,0.0,1.0,single,False
Super Shy,NewJeans,2025-08-24,81,49,2.0,81.0,0.0,-2.0,single,False
Super Shy,NewJeans,2025-09-19,81,49,25.0,81.0,0.0,0.0,single,False
Supernatural,NewJeans,2025-07-12,82,4,2.0,81.0,1.0,0.0,single,False
Supernatural,NewJeans,2025-08-14,83,6,2.0,83.0,0.0,2.0,single,False
Supernova,aespa,2025-07-12,75,13,2.0,75.0,0.0,0.0,album,False
Supernova,aespa,2025-08-14,76,14,2.0,76.0,0.0,2.0,album,False
Supernova,aespa,2025-09-22,75,19,2.0,75.0,0.0,-2.0,album,False
Swan Song,LE SSERAFIM,2025-03-15,79,44,2.0,79.0,0.0,-2.0,single,False
Sweet Night,V,2024-09-04,80,39,4.0,81.0,-1.0,2.0,single,False
Sweet Night,V,2024-09-07,80,47,2.0,80.0,0.0,2.0,single,False
T.B.H,QWER,2025-07-12,62,37,2.0,62.0,0.0,0.0,single,False
T.B.H,QWER,2025-08-14,61,39,2.0,61.0,0.0,6.0,single,False
T.B.H,QWER,2025-08-25,60,44,4.0,61.0,-1.0,3.0,single,False
T.B.H,QWER,2025-09-19,60,50,22.0,60.0,0.0,-1.0,single,False
T.B.H,QWER,2025-09-29,59,44,10.0,,,,single,False
T.B.H,QWER,2025-10-10,59,50,3.0,59.0,0.0,-1.0,single,False
T.B.H,QWER,2025-10-15,59,47,4.0,59.0,0.0,2.0,single,False
T.B.H,QWER,2025-10-17,59,48,2.0,,,,single,False
Take Two,BTS,2024-11-07,85,49,6.0,86.0,-1.0,-4.0,single,False
Talk Saxy,RIIZE,2024-11-07,67,50,3.0,65.0,2.0,-10.0,single,False
Talk Saxy,RIIZE,2024-12-14,70,49,34.0,69.0,1.0,1.0,single,False
Talk Saxy,RIIZE,2025-01-10,70,49,26.0,70.0,0.0,-1.0,single,False
Talk Saxy,RIIZE,2025-01-12,70,46,2.0,,,,single,False
Talk Saxy,RIIZE,2025-01-17,70,50,4.0,70.0,0.0,-6.0,single,False
Talk Saxy,RIIZE,2025-01-27,70,49,6.0,70.0,0.0,1.0,single,False
Taste,Sabrina Carpenter,2025-09-20,96,47,4.0,95.0,1.0,1.0,album,False
Taste,Sabrina Carpenter,2025-09-25,96,47,4.0,96.0,0.0,-4.0,album,False
Taste,Sabrina Carpenter,2025-09-28,96,50,3.0,,,,album,False
Teddy Bear,STAYC,2024-05-21,74,47,3.0,74.0,0.0,0.0,single,False
Teddy Bear,STAYC,2024-05-29,74,45,2.0,74.0,0.0,4.0,single,False
Teddy Bear,STAYC,2024-05-31,74,48,2.0,,,,single,False
Teddy Bear,STAYC,2024-06-05,73,46,3.0,74.0,-1.0,3.0,single,False
That's What I Like,Bruno Mars,2025-11-11,87,45,508.0,87.0,0.0,-2.0,album,False
The Planet,BTS,2024-06-22,88,42,2.0,88.0,0.0,4.0,single,False
The Planet,BTS,2024-07-02,87,44,8.0,88.0,-1.0,4.0,single,False
The Planet,BTS,2024-07-16,86,46,12.0,87.0,-1.0,-3.0,single,False
Thirsty,aespa,2024-07-04,77,50,2.0,77.0,0.0,-1.0,single,False
Tick-Tack,ILLIT,2025-11-27,74,50,3.0,73.0,1.0,-1.0,single,False
Time of Our Life -Japanese ver.- - Japanese ver.,DAY6,2025-04-01,54,49,3.0,55.0,-1.0,-2.0,single,False
Time of Our Life -Japanese ver.- - Japanese ver.,DAY6,2025-04-14,55,42,10.0,54.0,1.0,7.0,single,False
Time of Our Life -Japanese ver.- - Japanese ver.,DAY6,2025-04-23,55,49,3.0,55.0,0.0,-2.0,single,False
Time of Our Life -Japanese ver.- - Japanese ver.,DAY6,2025-04-25,55,48,2.0,,,,single,False
Time of Our Life -Japanese ver.- - Japanese ver.,DAY6,2025-06-03,54,49,38.0,55.0,-1.0,-2.0,single,False
Time of Our Life -Japanese ver.- - Japanese ver.,DAY6,2025-08-14,54,47,72.0,,,,single,False
Time of Our Life -Japanese ver.- - Japanese ver.,DAY6,2025-09-05,55,50,22.0,,,,single,False
Time of Our Life -Japanese ver.- - Japanese ver.,DAY6,2025-10-06,56,37,2.0,56.0,0.0,4.0,single,False
Time of Our Life -Japanese ver.- - Japanese ver.,DAY6,2025-10-08,56,40,2.0,,,,single,False
To. X,TAEYEON,2025-03-15,75,20,2.0,75.0,0.0,0.0,single,False
To. X,TAEYEON,2025-03-26,75,21,2.0,75.0,0.0,1.0,single,False
To. X,TAEYEON,2025-05-05,75,50,5.0,76.0,-1.0,-8.0,single,False
Too Sad to Dance,Jung Kook,2024-12-04,86,50,2.0,86.0,0.0,-4.0,album,False
Too Sad to Dance,Jung Kook,2024-12-09,86,48,5.0,,,,album,False
Too Sad to Dance,Jung Kook,2024-12-14,85,47,2.0,85.0,0.0,3.0,album,False
Too Sad to Dance,Jung Kook,2024-12-16,85,47,2.0,,,,album,False
Too Sad to Dance,Jung Kook,2024-12-23,83,45,7.0,,,,album,False
Too Sad to Dance,Jung Kook,2025-03-01,80,39,68.0,,,,album,False
Too Sad to Dance,Jung Kook,2025-03-17,78,40,16.0,80.0,-2.0,5.0,album,False
Too Sad to Dance,Jung Kook,2025-03-19,78,41,2.0,,,,album,False
Too Sad to Dance,Jung Kook,2025-03-21,78,50,2.0,,,,album,False
Touch,KATSEYE,2025-09-05,82,47,2.0,82.0,0.0,3.0,single,False
Touch,KATSEYE,2025-11-15,85,50,4.0,85.0,0.0,-11.0,single,False
Trust in me,Lim Young Woong,2024-11-29,58,48,2.0,58.0,0.0,-1.0,single,False
VIBE (feat. Jimin of BTS),TAEYANG,2024-05-24,68,43,2.0,68.0,0.0,6.0,album,False
VIBE (feat. Jimin of BTS),TAEYANG,2024-06-06,69,45,2.0,69.0,0.0,-9.0,album,False
VIBE (feat. Jimin of BTS),TAEYANG,2024-07-20,72,49,5.0,72.0,0.0,1.0,album,False
VIBE (feat. Jimin of BTS),TAEYANG,2024-10-26,71,50,98.0,,,,album,False
VIBE (feat. Jimin of BTS),TAEYANG,2024-10-29,71,43,3.0,,,,album,False
VIBE (feat. Jimin of BTS),TAEYANG,2024-11-02,71,48,4.0,,,,album,False
VIBE (feat. Jimin of BTS),TAEYANG,2024-11-04,71,45,2.0,,,,album,False
Vancouver,BIG Naughty,2024-06-12,59,50,2.0,59.0,0.0,-11.0,single,False
Vancouver,BIG Naughty,2024-09-22,56,50,101.0,59.0,-3.0,0.0,single,False
WAY 4 LUV,PLAVE,2025-10-25,60,47,55.0,60.0,0.0,1.0,single,False
Warmth,Lim Young Woong,2025-07-12,65,18,2.0,65.0,0.0,0.0,single,False
Warmth,Lim Young Woong,2025-08-14,65,19,2.0,66.0,-1.0,-2.0,single,False
Warmth,Lim Young Woong,2025-10-29,62,50,3.0,62.0,0.0,-3.0,single,False
Warmth,Lim Young Woong,2025-11-01,62,49,3.0,,,,single,False
Welcome to the Show,DAY6,2025-03-26,63,36,2.0,61.0,2.0,-4.0,album,False
Welcome to the Show,DAY6,2025-04-02,65,48,2.0,65.0,0.0,-1.0,album,False
Welcome to the Show,DAY6,2025-04-16,67,46,12.0,65.0,2.0,0.0,album,False
Welcome to the Show,DAY6,2025-04-18,67,48,2.0,,,,album,False
Welcome to the Show,DAY6,2025-09-07,59,44,141.0,67.0,-8.0,4.0,album,False
Welcome to the Show,DAY6,2025-11-21,59,47,2.0,59.0,0.0,-9.0,album,False
Who,Jimin,2025-08-14,94,1,2.0,94.0,0.0,0.0,album,False
Who (Acoustic Remix),Jimin,2025-08-14,62,42,2.0,62.0,0.0,-8.0,album,False
Who (Acoustic Remix),Jimin,2025-08-28,63,45,4.0,62.0,1.0,-2.0,album,False
Who (Acoustic Remix),Jimin,2025-09-21,64,50,24.0,,,,album,False
Who (Acoustic Remix),Jimin,2025-09-30,65,44,2.0,65.0,0.0,-5.0,album,False
Who (Acoustic Remix),Jimin,2025-11-06,66,36,2.0,66.0,0.0,4.0,album,False
Who (Beautiful Mind Remix),Jimin,2025-08-05,61,50,2.0,61.0,0.0,-15.0,album,False
Who (Beautiful Mind Remix),Jimin,2025-08-17,62,49,5.0,62.0,0.0,-6.0,album,False
Who (Beautiful Mind Remix),Jimin,2025-08-20,62,49,3.0,,,,album,False
Who (Beautiful Mind Remix),Jimin,2025-08-23,62,49,2.0,62.0,0.0,0.0,album,False
Who (Beautiful Mind Remix),Jimin,2025-09-22,63,32,30.0,,,,album,False
Who (Beautiful Mind Remix),Jimin,2025-09-27,64,45,3.0,64.0,0.0,0.0,album,False
Who (Beautiful Mind Remix),Jimin,2025-09-30,64,49,2.0,64.0,0.0,-3.0,album,False
Who (Beautiful Mind Remix),Jimin,2025-10-19,64,44,2.0,64.0,0.0,-1.0,album,False
Who (Beautiful Mind Remix),Jimin,2025-10-27,65,46,2.0,65.0,0.0,-4.0,album,False
Who (Beautiful Mind Remix),Jimin,2025-11-04,65,48,3.0,65.0,0.0,-5.0,album,False
Who (Beautiful Mind Remix),Jimin,2025-11-06,65,41,2.0,,,,album,False
Who (Beautiful Mind Remix),Jimin,2025-11-20,65,45,4.0,65.0,0.0,-4.0,album,False
Who (Funky Remix),Jimin,2025-08-14,62,49,2.0,62.0,0.0,-14.0,album,False
Who (Funky Remix),Jimin,2025-08-17,62,44,3.0,,,,album,False
Who (Funky Remix),Jimin,2025-08-20,62,39,3.0,,,,album,False
Who (Funky Remix),Jimin,2025-09-22,64,34,29.0,62.0,2.0,8.0,album,False
Who (Funky Remix),Jimin,2025-09-27,64,49,3.0,64.0,0.0,-3.0,album,False
Who (Funky Remix),Jimin,2025-10-01,64,41,3.0,64.0,0.0,3.0,album,False
Who (Funky Remix),Jimin,2025-10-16,64,48,2.0,64.0,0.0,-1.0,album,False
Who (Funky Remix),Jimin,2025-10-19,64,47,2.0,64.0,0.0,-3.0,album,False
Who (Funky Remix),Jimin,2025-10-27,65,47,2.0,65.0,0.0,-1.0,album,False
Who (Funky Remix),Jimin,2025-11-03,65,50,2.0,65.0,0.0,-8.0,album,False
Who (Funky Remix),Jimin,2025-11-06,65,40,2.0,65.0,0.0,6.0,album,False
Who (Funky Remix),Jimin,2025-11-20,65,46,3.0,65.0,0.0,4.0,album,False
Who (Instrumental),Jimin,2025-08-14,61,46,2.0,61.0,0.0,-7.0,album,False
Who (Instrumental),Jimin,2025-08-23,61,46,2.0,61.0,0.0,-1.0,album,False
Who (Instrumental),Jimin,2025-09-22,63,30,29.0,61.0,2.0,15.0,album,False
Who (Instrumental),Jimin,2025-09-26,63,50,2.0,63.0,0.0,-9.0,album,False
Who (Instrumental),Jimin,2025-09-30,63,48,2.0,63.0,0.0,-6.0,album,False
Who (Instrumental),Jimin,2025-11-04,65,47,2.0,65.0,0.0,3.0,album,False
Who (Instrumental),Jimin,2025-11-06,65,43,2.0,,,,album,False
Who (Instrumental),Jimin,2025-11-18,65,50,2.0,65.0,0.0,-10.0,album,False
Who (Instrumental),Jimin,2025-11-20,65,44,2.0,,,,album,False
Who (Rock Remix),Jimin,2025-08-14,63,43,2.0,63.0,0.0,-14.0,album,False
Who (Rock Remix),Jimin,2025-08-28,63,42,4.0,63.0,0.0,-7.0,album,False
Who (Rock Remix),Jimin,2025-09-13,64,49,14.0,64.0,0.0,-2.0,album,False
Who (Rock Remix),Jimin,2025-09-21,65,49,8.0,,,,album,False
Who (Rock Remix),Jimin,2025-11-06,67,35,2.0,66.0,1.0,4.0,album,False
Who (Shibuyakei Remix),Jimin,2025-08-14,62,48,2.0,62.0,0.0,-10.0,album,False
Who (Shibuyakei Remix),Jimin,2025-09-22,64,31,30.0,62.0,2.0,14.0,album,False
Who (Shibuyakei Remix),Jimin,2025-09-27,64,47,3.0,64.0,0.0,-3.0,album,False
Who (Shibuyakei Remix),Jimin,2025-09-30,64,46,2.0,64.0,0.0,-3.0,album,False
Who (Shibuyakei Remix),Jimin,2025-10-19,65,39,2.0,65.0,0.0,-1.0,album,False
Who (Shibuyakei Remix),Jimin,2025-11-04,65,42,2.0,65.0,0.0,6.0,album,False
Who (Shibuyakei Remix),Jimin,2025-11-06,65,37,2.0,,,,album,False
Who (Shibuyakei Remix),Jimin,2025-11-20,66,41,2.0,66.0,0.0,7.0,album,False
Why?,PLAVE,2025-09-02,55,49,5.0,54.0,1.0,-15.0,single,False
With you,Jimin & HA SUNG WOON,2024-06-08,76,44,19.0,77.0,-1.0,6.0,single,False
With you,Jimin & HA SUNG WOON,2024-06-28,76,43,4.0,76.0,0.0,0.0,single,False
With you,Jimin & HA SUNG WOON,2024-07-05,77,50,7.0,,,,single,False
With you,Jimin & HA SUNG WOON,2025-01-23,74,28,201.0,77.0,-3.0,22.0,single,False
Yes or No,Jung Kook,2025-03-15,84,27,2.0,85.0,-1.0,3.0,album,False
Yes or No,Jung Kook,2025-03-26,83,28,2.0,83.0,0.0,0.0,album,False
Yes or No,Jung Kook,2025-05-06,82,47,5.0,82.0,0.0,-1.0,album,False
"Yes or No (Feat. 허윤진 of LE SSERAFIM, Crush)",GroovyRoom & HUH YUNJIN,2025-03-15,72,41,2.0,73.0,-1.0,2.0,single,False
"Yes or No (Feat. 허윤진 of LE SSERAFIM, Crush)",GroovyRoom & HUH YUNJIN,2025-03-26,70,41,2.0,71.0,-1.0,6.0,single,False
You & Me,JENNIE,2024-11-21,83,48,2.0,83.0,0.0,2.0,single,False
You & Me,JENNIE,2024-12-15,81,50,18.0,82.0,-1.0,0.0,single,False
You & Me,JENNIE,2024-12-28,77,46,13.0,,,,single,False
You & Me,JENNIE,2025-01-04,79,47,2.0,78.0,1.0,1.0,single,False
You & Me,JENNIE,2025-01-06,79,47,2.0,,,,single,False
You & Me,JENNIE,2025-01-12,80,48,4.0,80.0,0.0,1.0,single,False
You & Me (Coachella ver.),JENNIE,2024-10-10,74,16,3.0,0.0,74.0,-12.0,single,False
You Were Beautiful,DAY6,2025-04-14,66,48,19.0,66.0,0.0,2.0,album,False
You Were Beautiful,DAY6,2025-04-19,67,49,2.0,66.0,1.0,-3.0,album,False
You Were Beautiful,DAY6,2025-09-16,65,47,149.0,67.0,-2.0,2.0,album,False
You Were Beautiful,DAY6,2025-10-06,65,44,2.0,65.0,0.0,2.0,album,False
You Were Beautiful,DAY6,2025-10-08,65,49,2.0,,,,album,False
You Were Beautiful,DAY6,2025-10-14,64,38,6.0,,,,album,False
You Were Beautiful,DAY6,2025-10-21,65,33,2.0,64.0,1.0,13.0,album,False
You Were Beautiful,DAY6,2025-10-26,64,49,3.0,64.0,0.0,-3.0,album,False
You Were Beautiful,DAY6,2025-10-28,64,49,2.0,,,,album,False
You Were Beautiful,DAY6,2025-11-02,64,42,4.0,64.0,0.0,1.0,album,False
You Were Beautiful,DAY6,2025-11-07,64,48,2.0,64.0,0.0,-10.0,album,False
You Were Beautiful,DAY6,2025-11-23,65,46,3.0,64.0,1.0,2.0,album,False
You Were Beautiful,DAY6,2025-11-26,65,48,3.0,,,,album,False
Young Man,HYUKOH & 落日飛車 Sunset Rollercoaster,2025-07-12,35,33,2.0,55.0,-20.0,14.0,album,False
bye,Ariana Grande,2025-03-15,87,47,2.0,85.0,2.0,-13.0,album,False
double take,Dhruv,2025-09-25,83,39,3.0,83.0,0.0,10.0,album,False
double take,Dhruv,2025-09-30,82,47,4.0,83.0,-1.0,-3.0,album,False
double take,Dhruv,2025-10-03,82,48,2.0,82.0,0.0,1.0,album,False
double take,Dhruv,2025-10-19,82,41,10.0,82.0,0.0,9.0,album,False
double take,Dhruv,2025-10-24,82,40,2.0,82.0,0.0,9.0,album,False
double take,Dhruv,2025-10-31,82,49,2.0,82.0,0.0,0.0,album,False
euphoria,Kendrick Lamar,2025-05-06,89,50,2.0,85.0,4.0,-8.0,single,True
greedy,Tate McRae,2024-10-10,96,50,2.0,95.0,1.0,-2.0,single,True
plot twist,TWS,2025-03-15,78,11,2.0,78.0,0.0,0.0,single,False
plot twist,TWS,2025-03-26,77,13,2.0,77.0,0.0,2.0,single,False
plot twist,TWS,2025-06-02,74,46,8.0,75.0,-1.0,2.0,single,False
plot twist,TWS,2025-06-17,68,49,2.0,68.0,0.0,-3.0,single,False
vampire,Olivia Rodrigo,2024-07-25,98,48,3.0,98.0,0.0,-6.0,single,True
vampire,Olivia Rodrigo,2024-07-31,98,48,3.0,99.0,-1.0,-6.0,single,True
we can't be friends (wait for your love),Ariana Grande,2025-03-15,89,18,2.0,87.0,2.0,-1.0,album,False
we can't be friends (wait for your love),Ariana Grande,2025-03-26,93,19,2.0,93.0,0.0,0.0,album,False
we can't be friends (wait for your love),Ariana Grande,2025-05-08,94,50,2.0,94.0,0.0,-4.0,album,False
wherever u r (ft. V of BTS),UMI & V,2025-03-09,84,49,2.0,84.0,0.0,0.0,single,False
wherever u r (ft. V of BTS),UMI & V,2025-03-16,82,41,6.0,83.0,-1.0,5.0,single,False
"yes, and?",Ariana Grande,2025-02-15,97,45,3.0,97.0,0.0,3.0,single,True
"yes, and?",Ariana Grande,2025-03-10,73,30,20.0,97.0,-24.0,19.0,album,True
"yes, and?",Ariana Grande,2025-03-15,83,29,2.0,81.0,2.0,-4.0,album,True
アイドル,YOASOBI,2024-09-03,88,45,3.0,88.0,0.0,3.0,single,False
アイドル,YOASOBI,2024-09-22,86,48,19.0,,,,single,False
アイドル,YOASOBI,2024-10-06,30,44,5.0,86.0,-56.0,1.0,album,False
踊り子,Vaundy,2025-07-12,70,21,2.0,69.0,1.0,1.0,album,False
踊り子,Vaundy,2025-08-14,71,29,2.0,71.0,0.0,3.0,album,False
踊り子,Vaundy,2025-09-25,71,44,3.0,71.0,0.0,6.0,album,False
녹아내려요 Melt Down,DAY6,2025-10-07,55,40,2.0,55.0,0.0,-10.0,single,False
"무제(無題) (Untitled, 2014)",G-DRAGON,2025-11-27,61,43,22.0,58.0,3.0,7.0,single,False
예뻤어,DAY6,2025-10-07,49,44,2.0,49.0,0.0,-1.0,album,False
한 페이지가 될 수 있게,DAY6,2025-10-07,52,35,2.0,52.0,0.0,1.0,single,False
