song,artist,proper_date,position,popularity,album_type,is_explicit,duration_min,prev_date,gap_days,entry_type
1-800-hot-n-fun,"LE SSERAFIM",2025-09-01,26,64,single,FALSE,2.89,NULL,NULL,first_entry
1-800-hot-n-fun,"LE SSERAFIM",2025-09-02,28,68,single,FALSE,2.89,2025-09-01,1,continuing
1-800-hot-n-fun,"LE SSERAFIM",2025-09-03,28,70,single,FALSE,2.89,2025-09-02,1,continuing
1-800-hot-n-fun,"LE SSERAFIM",2025-09-04,32,72,single,FALSE,2.89,2025-09-03,1,continuing
1-800-hot-n-fun,"LE SSERAFIM",2025-09-05,45,73,single,FALSE,2.89,2025-09-04,1,continuing
1-800-hot-n-fun,"LE SSERAFIM",2025-09-06,45,73,single,FALSE,2.89,2025-09-05,1,continuing
1-800-hot-n-fun,"LE SSERAFIM",2025-09-07,49,74,single,FALSE,2.89,2025-09-06,1,continuing
1-800-hot-n-fun,"LE SSERAFIM",2025-09-08,49,75,single,FALSE,2.89,2025-09-07,1,continuing
"24YB (Intro)",YANGHONGWON,2025-05-26,26,38,album,FALSE,1.39,NULL,NULL,first_entry
"24YB (Intro)",YANGHONGWON,2025-05-27,28,42,album,FALSE,1.39,2025-05-26,1,continuing
"24YB (Intro)",YANGHONGWON,2025-05-28,37,44,album,FALSE,1.39,2025-05-27,1,continuing
"3D (Alternate Ver.)","Jung Kook & Jack Harlow",2024-10-02,5,78,single,FALSE,2.71,NULL,NULL,first_entry
"3D (Alternate Ver.)","Jung Kook & Jack Harlow",2024-10-03,5,80,single,FALSE,2.71,2024-10-02,1,continuing
"3D (Alternate Ver.)","Jung Kook & Jack Harlow",2024-10-04,10,54,album,FALSE,2.71,2024-10-03,1,continuing
"3D (Alternate Ver.)","Jung Kook & Jack Harlow",2024-10-05,10,59,album,FALSE,2.71,2024-10-04,1,continuing
"3D (Alternate Ver.)","Jung Kook & Jack Harlow",2024-10-06,15,62,album,FALSE,2.71,2024-10-05,1,continuing
"3D (Alternate Ver.)","Jung Kook & Jack Harlow",2024-10-07,22,64,album,FALSE,2.71,2024-10-06,1,continuing
"3D (Alternate Ver.)","Jung Kook & Jack Harlow",2024-10-08,26,65,album,FALSE,2.71,2024-10-07,1,continuing
"3D (Alternate Ver.)","Jung Kook & Jack Harlow",2024-10-09,22,66,album,FALSE,2.71,2024-10-08,1,continuing
"3D (Alternate Ver.)","Jung Kook & Jack Harlow",2024-10-10,32,67,album,FALSE,2.71,2024-10-09,1,continuing
"3D (Alternate Ver.)","Jung Kook & Jack Harlow",2024-10-11,32,67,album,FALSE,2.71,2024-10-10,1,continuing
"3D (Alternate Ver.)","Jung Kook & Jack Harlow",2024-10-12,23,67,album,FALSE,2.71,2024-10-11,1,continuing
"3D (Alternate Ver.)","Jung Kook & Jack Harlow",2024-10-13,33,68,album,FALSE,2.71,2024-10-12,1,continuing
"3D (Alternate Ver.)","Jung Kook & Jack Harlow",2024-10-14,31,69,album,FALSE,2.71,2024-10-13,1,continuing
"3D (Alternate Ver.)","Jung Kook & Jack Harlow",2024-10-15,31,69,album,FALSE,2.71,2024-10-14,1,continuing
"3D (Alternate Ver.)","Jung Kook & Jack Harlow",2024-10-16,24,70,album,FALSE,2.71,2024-10-15,1,continuing
"3D (Alternate Ver.)","Jung Kook & Jack Harlow",2024-10-17,27,70,album,FALSE,2.71,2024-10-16,1,continuing
"3D (Alternate Ver.)","Jung Kook & Jack Harlow",2024-10-18,27,71,album,FALSE,2.71,2024-10-17,1,continuing
"3D (Alternate Ver.)","Jung Kook & Jack Harlow",2024-10-19,28,71,album,FALSE,2.71,2024-10-18,1,continuing
"3D (Alternate Ver.)","Jung Kook & Jack Harlow",2024-10-20,33,72,album,FALSE,2.71,2024-10-19,1,continuing
"3D (Alternate Ver.)","Jung Kook & Jack Harlow",2024-10-21,44,72,album,FALSE,2.71,2024-10-20,1,continuing
"3D (feat. Jack Harlow)","Jung Kook & Jack Harlow",2024-09-30,2,0,single,TRUE,3.36,NULL,NULL,first_entry
"3D (feat. Jack Harlow)","Jung Kook & Jack Harlow",2024-10-01,2,0,single,TRUE,3.36,2024-09-30,1,continuing
"3D (feat. Jack Harlow)","Jung Kook & Jack Harlow",2024-10-02,2,86,single,TRUE,3.36,2024-10-01,1,continuing
"3D (feat. Jack Harlow)","Jung Kook & Jack Harlow",2024-10-03,2,88,single,TRUE,3.36,2024-10-02,1,continuing
"3D (feat. Jack Harlow)","Jung Kook & Jack Harlow",2024-10-04,2,67,album,TRUE,3.36,2024-10-03,1,continuing
"3D (feat. Jack Harlow)","Jung Kook & Jack Harlow",2024-10-05,2,72,album,TRUE,3.36,2024-10-04,1,continuing
"3D (feat. Jack Harlow)","Jung Kook & Jack Harlow",2024-10-06,2,76,album,TRUE,3.36,2024-10-05,1,continuing
"3D (feat. Jack Harlow)","Jung Kook & Jack Harlow",2024-10-07,2,79,album,TRUE,3.36,2024-10-06,1,continuing
"3D (feat. Jack Harlow)","Jung Kook & Jack Harlow",2024-10-08,2,80,album,TRUE,3.36,2024-10-07,1,continuing
"3D (feat. Jack Harlow)","Jung Kook & Jack Harlow",2024-10-09,2,82,album,TRUE,3.36,2024-10-08,1,continuing
"3D (feat. Jack Harlow)","Jung Kook & Jack Harlow",2024-10-10,2,83,album,TRUE,3.36,2024-10-09,1,continuing
"3D (feat. Jack Harlow)","Jung Kook & Jack Harlow",2024-10-11,2,84,album,TRUE,3.36,2024-10-10,1,continuing
"3D (feat. Jack Harlow)","Jung Kook & Jack Harlow",2024-10-12,2,84,album,TRUE,3.36,2024-10-11,1,continuing
"3D (feat. Jack Harlow)","Jung Kook & Jack Harlow",2024-10-13,2,84,album,TRUE,3.36,2024-10-12,1,continuing
"3D (feat. Jack Harlow)","Jung Kook & Jack Harlow",2024-10-14,2,85,album,TRUE,3.36,2024-10-13,1,continuing
"3D (feat. Jack Harlow)","Jung Kook & Jack Harlow",2024-10-15,2,86,album,TRUE,3.36,2024-10-14,1,continuing
"3D (feat. Jack Harlow)","Jung Kook & Jack Harlow",2024-10-16,2,87,album,TRUE,3.36,2024-10-15,1,continuing
"3D (feat. Jack Harlow)","Jung Kook & Jack Harlow",2024-10-17,2,87,album,TRUE,3.36,2024-10-16,1,continuing
"3D (feat. Jack Harlow)","Jung Kook & Jack Harlow",2024-10-18,2,87,album,TRUE,3.36,2024-10-17,1,continuing
"3D (feat. Jack Harlow)","Jung Kook & Jack Harlow",2024-10-19,2,88,album,TRUE,3.36,2024-10-18,1,continuing
"3D (feat. Jack Harlow)","Jung Kook & Jack Harlow",2024-10-20,2,88,album,TRUE,3.36,2024-10-19,1,continuing
"3D (feat. Jack Harlow)","Jung Kook & Jack Harlow",2024-10-21,2,88,album,TRUE,3.36,2024-10-20,1,continuing
"3D (feat. Jack Harlow)","Jung Kook & Jack Harlow",2024-10-22,2,88,album,TRUE,3.36,2024-10-21,1,continuing
"3D (feat. Jack Harlow)","Jung Kook & Jack Harlow",2024-10-23,2,89,album,TRUE,3.36,2024-10-22,1,continuing
"3D (feat. Jack Harlow)","Jung Kook & Jack Harlow",2024-10-24,2,89,album,TRUE,3.36,2024-10-23,1,continuing
"3D (feat. Jack Harlow)","Jung Kook & Jack Harlow",2024-10-25,2,89,album,TRUE,3.36,2024-10-24,1,continuing
"3D (feat. Jack Harlow)","Jung Kook & Jack Harlow",2024-10-26,2,89,album,TRUE,3.36,2024-10-25,1,continuing
"3D (feat. Jack Harlow)","Jung Kook & Jack Harlow",2024-10-27,2,89,album,TRUE,3.36,2024-10-26,1,continuing
"3D (feat. Jack Harlow)","Jung Kook & Jack Harlow",2024-10-28,2,89,album,TRUE,3.36,2024-10-27,1,continuing
"3D (feat. Jack Harlow)","Jung Kook & Jack Harlow",2024-10-29,2,89,album,TRUE,3.36,2024-10-28,1,continuing
"3D (feat. Jack Harlow)","Jung Kook & Jack Harlow",2024-10-30,2,89,album,TRUE,3.36,2024-10-29,1,continuing
"3D (feat. Jack Harlow)","Jung Kook & Jack Harlow",2024-10-31,3,89,album,TRUE,3.36,2024-10-30,1,continuing
"3D (feat. Jack Harlow)","Jung Kook & Jack Harlow",2024-11-01,3,89,album,TRUE,3.36,2024-10-31,1,continuing
"3D (feat. Jack Harlow)","Jung Kook & Jack Harlow",2024-11-02,3,89,album,TRUE,3.36,2024-11-01,1,continuing
"3D (feat. Jack Harlow)","Jung Kook & Jack Harlow",2024-11-03,3,89,album,TRUE,3.36,2024-11-02,1,continuing
"3D (feat. Jack Harlow)","Jung Kook & Jack Harlow",2024-11-04,3,89,album,TRUE,3.36,2024-11-03,1,continuing
"3D (feat. Jack Harlow)","Jung Kook & Jack Harlow",2024-11-05,5,89,album,TRUE,3.36,2024-11-04,1,continuing
"3D (feat. Jack Harlow)","Jung Kook & Jack Harlow",2024-11-06,5,89,album,TRUE,3.36,2024-11-05,1,continuing
"3D (feat. Jack Harlow)","Jung Kook & Jack Harlow",2024-11-07,6,89,album,TRUE,3.36,2024-11-06,1,continuing
"3D (feat. Jack Harlow)","Jung Kook & Jack Harlow",2024-11-08,6,89,album,TRUE,3.36,2024-11-07,1,continuing
"3D (feat. Jack Harlow)","Jung Kook & Jack Harlow",2024-11-09,6,89,album,TRUE,3.36,2024-11-08,1,continuing
"3D (feat. Jack Harlow)","Jung Kook & Jack Harlow",2024-11-10,6,89,album,TRUE,3.36,2024-11-09,1,continuing
"3D (feat. Jack Harlow)","Jung Kook & Jack Harlow",2024-11-11,6,89,album,TRUE,3.36,2024-11-10,1,continuing
"3D (feat. Jack Harlow)","Jung Kook & Jack Harlow",2024-11-12,6,88,album,TRUE,3.36,2024-11-11,1,continuing
"3D (feat. Jack Harlow)","Jung Kook & Jack Harlow",2024-11-13,6,88,album,TRUE,3.36,2024-11-12,1,continuing
"3D (feat. Jack Harlow)","Jung Kook & Jack Harlow",2024-11-14,6,88,album,TRUE,3.36,2024-11-13,1,continuing
"3D (feat. Jack Harlow)","Jung Kook & Jack Harlow",2024-11-15,7,88,album,TRUE,3.36,2024-11-14,1,continuing
"3D (feat. Jack Harlow)","Jung Kook & Jack Harlow",2024-11-16,9,88,album,TRUE,3.36,2024-11-15,1,continuing
"3D (feat. Jack Harlow)","Jung Kook & Jack Harlow",2024-11-17,9,88,album,TRUE,3.36,2024-11-16,1,continuing
"3D (feat. Jack Harlow)","Jung Kook & Jack Harlow",2024-11-18,9,88,album,TRUE,3.36,2024-11-17,1,continuing
"3D (feat. Jack Harlow)","Jung Kook & Jack Harlow",2024-11-19,10,88,album,TRUE,3.36,2024-11-18,1,continuing
"3D (feat. Jack Harlow)","Jung Kook & Jack Harlow",2024-11-20,10,87,album,TRUE,3.36,2024-11-19,1,continuing
"3D (feat. Jack Harlow)","Jung Kook & Jack Harlow",2024-11-21,11,87,album,TRUE,3.36,2024-11-20,1,continuing
"3D (feat. Jack Harlow)","Jung Kook & Jack Harlow",2024-11-22,9,87,album,TRUE,3.36,2024-11-21,1,continuing
"3D (feat. Jack Harlow)","Jung Kook & Jack Harlow",2024-11-23,9,87,album,TRUE,3.36,2024-11-22,1,continuing
"3D (feat. Jack Harlow)","Jung Kook & Jack Harlow",2024-11-24,9,87,album,TRUE,3.36,2024-11-23,1,continuing
"3D (feat. Jack Harlow)","Jung Kook & Jack Harlow",2024-11-25,7,87,album,TRUE,3.36,2024-11-24,1,continuing
"3D (feat. Jack Harlow)","Jung Kook & Jack Harlow",2024-11-26,6,87,album,TRUE,3.36,2024-11-25,1,continuing
"3D (feat. Jack Harlow)","Jung Kook & Jack Harlow",2024-11-27,7,87,album,TRUE,3.36,2024-11-26,1,continuing
"3D (feat. Jack Harlow)","Jung Kook & Jack Harlow",2024-11-28,8,87,album,TRUE,3.36,2024-11-27,1,continuing
"3D (feat. Jack Harlow)","Jung Kook & Jack Harlow",2024-11-29,8,87,album,TRUE,3.36,2024-11-28,1,continuing
"3D (feat. Jack Harlow)","Jung Kook & Jack Harlow",2024-11-30,6,87,album,TRUE,3.36,2024-11-29,1,continuing
"3D (feat. Jack Harlow)","Jung Kook & Jack Harlow",2024-12-01,6,87,album,TRUE,3.36,2024-11-30,1,continuing
"3D (feat. Jack Harlow)","Jung Kook & Jack Harlow",2024-12-02,6,87,album,TRUE,3.36,2024-12-01,1,continuing
"3D (feat. Jack Harlow)","Jung Kook & Jack Harlow",2024-12-03,8,86,album,TRUE,3.36,2024-12-02,1,continuing
"3D (feat. Jack Harlow)","Jung Kook & Jack Harlow",2024-12-04,8,86,album,TRUE,3.36,2024-12-03,1,continuing
"3D (feat. Jack Harlow)","Jung Kook & Jack Harlow",2024-12-05,6,86,album,TRUE,3.36,2024-12-04,1,continuing
"3D (feat. Jack Harlow)","Jung Kook & Jack Harlow",2024-12-06,6,86,album,TRUE,3.36,2024-12-05,1,continuing
"3D (feat. Jack Harlow)","Jung Kook & Jack Harlow",2024-12-07,6,86,album,TRUE,3.36,2024-12-06,1,continuing
"3D (feat. Jack Harlow)","Jung Kook & Jack Harlow",2024-12-08,5,86,album,TRUE,3.36,2024-12-07,1,continuing
"3D (feat. Jack Harlow)","Jung Kook & Jack Harlow",2024-12-09,5,86,album,TRUE,3.36,2024-12-08,1,continuing
"3D (feat. Jack Harlow)","Jung Kook & Jack Harlow",2024-12-10,6,86,album,TRUE,3.36,2024-12-09,1,continuing
"3D (feat. Jack Harlow)","Jung Kook & Jack Harlow",2024-12-11,5,86,album,TRUE,3.36,2024-12-10,1,continuing
"3D (feat. Jack Harlow)","Jung Kook & Jack Harlow",2024-12-12,6,86,album,TRUE,3.36,2024-12-11,1,continuing
"3D (feat. Jack Harlow)","Jung Kook & Jack Harlow",2024-12-13,6,86,album,TRUE,3.36,2024-12-12,1,continuing
"3D (feat. Jack Harlow)","Jung Kook & Jack Harlow",2024-12-14,6,86,album,TRUE,3.36,2024-12-13,1,continuing
"3D (feat. Jack Harlow)","Jung Kook & Jack Harlow",2024-12-15,5,86,album,TRUE,3.36,2024-12-14,1,continuing
"3D (feat. Jack Harlow)","Jung Kook & Jack Harlow",2024-12-16,6,86,album,TRUE,3.36,2024-12-15,1,continuing
"3D (feat. Jack Harlow)","Jung Kook & Jack Harlow",2024-12-17,6,86,album,TRUE,3.36,2024-12-16,1,continuing
"3D (feat. Jack Harlow)","Jung Kook & Jack Harlow",2024-12-18,6,86,album,TRUE,3.36,2024-12-17,1,continuing
"3D (feat. Jack Harlow)","Jung Kook & Jack Harlow",2024-12-19,5,86,album,TRUE,3.36,2024-12-18,1,continuing
"3D (feat. Jack Harlow)","Jung Kook & Jack Harlow",2024-12-20,5,86,album,TRUE,3.36,2024-12-19,1,continuing
"3D (feat. Jack Harlow)","Jung Kook & Jack Harlow",2024-12-21,5,86,album,TRUE,3.36,2024-12-20,1,continuing
"3D (feat. Jack Harlow)","Jung Kook & Jack Harlow",2024-12-22,5,86,album,TRUE,3.36,2024-12-21,1,continuing
"3D (feat. Jack Harlow)","Jung Kook & Jack Harlow",2024-12-23,5,85,album,TRUE,3.36,2024-12-22,1,continuing
"3D (feat. Jack Harlow)","Jung Kook & Jack Harlow",2024-12-24,4,85,album,TRUE,3.36,2024-12-23,1,continuing
"3D (feat. Jack Harlow)","Jung Kook & Jack Harlow",2024-12-25,6,85,album,TRUE,3.36,2024-12-24,1,continuing
"3D (feat. Jack Harlow)","Jung Kook & Jack Harlow",2024-12-26,6,85,album,TRUE,3.36,2024-12-25,1,continuing
"3D (feat. Jack Harlow)","Jung Kook & Jack Harlow",2024-12-27,6,85,album,TRUE,3.36,2024-12-26,1,continuing
"3D (feat. Jack Harlow)","Jung Kook & Jack Harlow",2024-12-28,6,83,album,TRUE,3.36,2024-12-27,1,continuing
"3D (feat. Jack Harlow)","Jung Kook & Jack Harlow",2024-12-29,6,83,album,TRUE,3.36,2024-12-28,1,continuing
"3D (feat. Jack Harlow)","Jung Kook & Jack Harlow",2024-12-30,6,84,album,TRUE,3.36,2024-12-29,1,continuing
"3D (feat. Jack Harlow)","Jung Kook & Jack Harlow",2024-12-31,6,84,album,TRUE,3.36,2024-12-30,1,continuing
"3D (feat. Jack Harlow)","Jung Kook & Jack Harlow",2025-01-01,6,84,album,TRUE,3.36,2024-12-31,1,continuing
"3D (feat. Jack Harlow)","Jung Kook & Jack Harlow",2025-01-02,6,84,album,TRUE,3.36,2025-01-01,1,continuing
"3D (feat. Jack Harlow)","Jung Kook & Jack Harlow",2025-01-03,6,85,album,TRUE,3.36,2025-01-02,1,continuing
"3D (feat. Jack Harlow)","Jung Kook & Jack Harlow",2025-01-04,6,85,album,TRUE,3.36,2025-01-03,1,continuing
"3D (feat. Jack Harlow)","Jung Kook & Jack Harlow",2025-01-05,6,85,album,TRUE,3.36,2025-01-04,1,continuing
"3D (feat. Jack Harlow)","Jung Kook & Jack Harlow",2025-01-06,6,86,album,TRUE,3.36,2025-01-05,1,continuing
"3D (feat. Jack Harlow)","Jung Kook & Jack Harlow",2025-01-07,6,86,album,TRUE,3.36,2025-01-06,1,continuing
"3D (feat. Jack Harlow)","Jung Kook & Jack Harlow",2025-01-08,6,86,album,TRUE,3.36,2025-01-07,1,continuing
"3D (feat. Jack Harlow)","Jung Kook & Jack Harlow",2025-01-09,6,87,album,TRUE,3.36,2025-01-08,1,continuing
"3D (feat. Jack Harlow)","Jung Kook & Jack Harlow",2025-01-10,6,87,album,TRUE,3.36,2025-01-09,1,continuing
"3D (feat. Jack Harlow)","Jung Kook & Jack Harlow",2025-01-11,6,87,album,TRUE,3.36,2025-01-10,1,continuing
"3D (feat. Jack Harlow)","Jung Kook & Jack Harlow",2025-01-12,6,87,album,TRUE,3.36,2025-01-11,1,continuing
"3D (feat. Jack Harlow)","Jung Kook & Jack Harlow",2025-01-13,6,87,album,TRUE,3.36,2025-01-12,1,continuing
"3D (feat. Jack Harlow)","Jung Kook & Jack Harlow",2025-01-14,6,87,album,TRUE,3.36,2025-01-13,1,continuing
"3D (feat. Jack Harlow)","Jung Kook & Jack Harlow",2025-01-15,6,87,album,TRUE,3.36,2025-01-14,1,continuing
"3D (feat. Jack Harlow)","Jung Kook & Jack Harlow",2025-01-16,6,87,album,TRUE,3.36,2025-01-15,1,continuing
"3D (feat. Jack Harlow)","Jung Kook & Jack Harlow",2025-01-17,6,87,album,TRUE,3.36,2025-01-16,1,continuing
"3D (feat. Jack Harlow)","Jung Kook & Jack Harlow",2025-01-18,6,86,album,TRUE,3.36,2025-01-17,1,continuing
"3D (feat. Jack Harlow)","Jung Kook & Jack Harlow",2025-01-19,6,86,album,TRUE,3.36,2025-01-18,1,continuing
"3D (feat. Jack Harlow)","Jung Kook",2025-01-20,6,86,album,TRUE,3.36,NULL,NULL,first_entry
"3D (feat. Jack Harlow)","Jung Kook",2025-01-21,6,86,album,TRUE,3.36,2025-01-20,1,continuing
"3D (feat. Jack Harlow)","Jung Kook",2025-01-22,6,86,album,TRUE,3.36,2025-01-21,1,continuing
"3D (feat. Jack Harlow)","Jung Kook",2025-01-23,6,86,album,TRUE,3.36,2025-01-22,1,continuing
"3D (feat. Jack Harlow)","Jung Kook",2025-01-24,6,86,album,TRUE,3.36,2025-01-23,1,continuing
"3D (feat. Jack Harlow)","Jung Kook",2025-01-25,6,86,album,TRUE,3.36,2025-01-24,1,continuing
"3D (feat. Jack Harlow)","Jung Kook",2025-01-26,6,86,album,TRUE,3.36,2025-01-25,1,continuing
"3D (feat. Jack Harlow)","Jung Kook",2025-01-27,7,86,album,TRUE,3.36,2025-01-26,1,continuing
"3D (feat. Jack Harlow)","Jung Kook",2025-01-28,6,86,album,TRUE,3.36,2025-01-27,1,continuing
"3D (feat. Jack Harlow)","Jung Kook",2025-01-29,6,86,album,TRUE,3.36,2025-01-28,1,continuing
"3D (feat. Jack Harlow)","Jung Kook",2025-01-30,6,86,album,TRUE,3.36,2025-01-29,1,continuing
"3D (feat. Jack Harlow)","Jung Kook",2025-01-31,6,86,album,TRUE,3.36,2025-01-30,1,continuing
"3D (feat. Jack Harlow)","Jung Kook",2025-02-01,6,86,album,TRUE,3.36,2025-01-31,1,continuing
"3D (feat. Jack Harlow)","Jung Kook",2025-02-02,6,86,album,TRUE,3.36,2025-02-01,1,continuing
"3D (feat. Jack Harlow)","Jung Kook",2025-02-03,5,86,album,TRUE,3.36,2025-02-02,1,continuing
"3D (feat. Jack Harlow)","Jung Kook",2025-02-04,6,86,album,TRUE,3.36,2025-02-03,1,continuing
"3D (feat. Jack Harlow)","Jung Kook",2025-02-05,6,86,album,TRUE,3.36,2025-02-04,1,continuing
"3D (feat. Jack Harlow)","Jung Kook",2025-02-06,6,86,album,TRUE,3.36,2025-02-05,1,continuing
"3D (feat. Jack Harlow)","Jung Kook",2025-02-07,6,86,album,TRUE,3.36,2025-02-06,1,continuing
"3D (feat. Jack Harlow)","Jung Kook",2025-02-08,6,86,album,TRUE,3.36,2025-02-07,1,continuing
"3D (feat. Jack Harlow)","Jung Kook",2025-02-09,4,86,album,TRUE,3.36,2025-02-08,1,continuing
"3D (feat. Jack Harlow)","Jung Kook",2025-02-10,3,86,album,TRUE,3.36,2025-02-09,1,continuing
"3D (feat. Jack Harlow)","Jung Kook",2025-02-11,4,86,album,TRUE,3.36,2025-02-10,1,continuing
"3D (feat. Jack Harlow)","Jung Kook",2025-02-12,4,85,album,TRUE,3.36,2025-02-11,1,continuing
"3D (feat. Jack Harlow)","Jung Kook",2025-02-13,4,86,album,TRUE,3.36,2025-02-12,1,continuing
"3D (feat. Jack Harlow)","Jung Kook",2025-02-14,6,85,album,TRUE,3.36,2025-02-13,1,continuing
"3D (feat. Jack Harlow)","Jung Kook",2025-02-15,6,85,album,TRUE,3.36,2025-02-14,1,continuing
"3D (feat. Jack Harlow)","Jung Kook",2025-02-16,5,85,album,TRUE,3.36,2025-02-15,1,continuing
"3D (feat. Jack Harlow)","Jung Kook",2025-02-17,5,85,album,TRUE,3.36,2025-02-16,1,continuing
"3D (feat. Jack Harlow)","Jung Kook",2025-02-18,5,85,album,TRUE,3.36,2025-02-17,1,continuing
"3D (feat. Jack Harlow)","Jung Kook",2025-02-19,5,85,album,TRUE,3.36,2025-02-18,1,continuing
"3D (feat. Jack Harlow)","Jung Kook",2025-02-20,5,85,album,TRUE,3.36,2025-02-19,1,continuing
"3D (feat. Jack Harlow)","Jung Kook",2025-02-21,6,85,album,TRUE,3.36,2025-02-20,1,continuing
"3D (feat. Jack Harlow)","Jung Kook",2025-02-22,5,85,album,TRUE,3.36,2025-02-21,1,continuing
"3D (feat. Jack Harlow)","Jung Kook",2025-02-23,5,85,album,TRUE,3.36,2025-02-22,1,continuing
"3D (feat. Jack Harlow)","Jung Kook",2025-02-24,5,85,album,TRUE,3.36,2025-02-23,1,continuing
"3D (feat. Jack Harlow)","Jung Kook",2025-02-25,6,85,album,TRUE,3.36,2025-02-24,1,continuing
"3D (feat. Jack Harlow)","Jung Kook",2025-02-26,6,85,album,TRUE,3.36,2025-02-25,1,continuing
"3D (feat. Jack Harlow)","Jung Kook",2025-02-27,6,85,album,TRUE,3.36,2025-02-26,1,continuing
"3D (feat. Jack Harlow)","Jung Kook",2025-02-28,6,85,album,TRUE,3.36,2025-02-27,1,continuing
"3D (feat. Jack Harlow)","Jung Kook",2025-03-01,6,85,album,TRUE,3.36,2025-02-28,1,continuing
"3D (feat. Jack Harlow)","Jung Kook",2025-03-01,6,85,album,TRUE,3.36,2025-03-01,0,continuing
"3D (feat. Jack Harlow)","Jung Kook",2025-03-02,6,85,album,TRUE,3.36,2025-03-01,1,continuing
"3D (feat. Jack Harlow)","Jung Kook",2025-03-03,6,84,album,TRUE,3.36,2025-03-02,1,continuing
"3D (feat. Jack Harlow)","Jung Kook",2025-03-04,6,84,album,TRUE,3.36,2025-03-03,1,continuing
"3D (feat. Jack Harlow)","Jung Kook",2025-03-05,6,84,album,TRUE,3.36,2025-03-04,1,continuing
"3D (feat. Jack Harlow)","Jung Kook",2025-03-06,5,84,album,TRUE,3.36,2025-03-05,1,continuing
"3D (feat. Jack Harlow)","Jung Kook",2025-03-07,5,84,album,TRUE,3.36,2025-03-06,1,continuing
"3D (feat. Jack Harlow)","Jung Kook",2025-03-08,5,84,album,TRUE,3.36,2025-03-07,1,continuing
"3D (feat. Jack Harlow)","Jung Kook",2025-03-09,5,83,album,TRUE,3.36,2025-03-08,1,continuing
"3D (feat. Jack Harlow)","Jung Kook",2025-03-10,5,83,album,TRUE,3.36,2025-03-09,1,continuing
"3D (feat. Jack Harlow)","Jung Kook",2025-03-11,5,83,album,TRUE,3.36,2025-03-10,1,continuing
"3D (feat. Jack Harlow)","Jung Kook",2025-03-12,5,83,album,TRUE,3.36,2025-03-11,1,continuing
"3D (feat. Jack Harlow)","Jung Kook",2025-03-13,5,83,album,TRUE,3.36,2025-03-12,1,continuing
"3D (feat. Jack Harlow)","Jung Kook",2025-03-15,6,83,album,TRUE,3.36,2025-03-13,2,reentry
"3D (feat. Jack Harlow)","Jung Kook",2025-03-16,5,82,album,TRUE,3.36,2025-03-15,1,continuing
"3D (feat. Jack Harlow)","Jung Kook",2025-03-17,4,82,album,TRUE,3.36,2025-03-16,1,continuing
"3D (feat. Jack Harlow)","Jung Kook",2025-03-18,4,82,album,TRUE,3.36,2025-03-17,1,continuing
"3D (feat. Jack Harlow)","Jung Kook",2025-03-19,5,82,album,TRUE,3.36,2025-03-18,1,continuing
"3D (feat. Jack Harlow)","Jung Kook",2025-03-20,4,82,album,TRUE,3.36,2025-03-19,1,continuing
"3D (feat. Jack Harlow)","Jung Kook",2025-03-21,4,82,album,TRUE,3.36,2025-03-20,1,continuing
"3D (feat. Jack Harlow)","Jung Kook",2025-03-22,4,82,album,TRUE,3.36,2025-03-21,1,continuing
"3D (feat. Jack Harlow)","Jung Kook",2025-03-23,4,82,album,TRUE,3.36,2025-03-22,1,continuing
"3D (feat. Jack Harlow)","Jung Kook",2025-03-24,4,82,album,TRUE,3.36,2025-03-23,1,continuing
"3D (feat. Jack Harlow)","Jung Kook",2025-03-26,5,82,album,TRUE,3.36,2025-03-24,2,reentry
"3D (feat. Jack Harlow)","Jung Kook",2025-03-27,5,82,album,TRUE,3.36,2025-03-26,1,continuing
"3D (feat. Jack Harlow)","Jung Kook",2025-03-28,6,81,album,TRUE,3.36,2025-03-27,1,continuing
"3D (feat. Jack Harlow)","Jung Kook",2025-03-29,6,81,album,TRUE,3.36,2025-03-28,1,continuing
"3D (feat. Jack Harlow)","Jung Kook",2025-03-30,7,81,album,TRUE,3.36,2025-03-29,1,continuing
"3D (feat. Jack Harlow)","Jung Kook",2025-03-31,5,81,album,TRUE,3.36,2025-03-30,1,continuing
"3D (feat. Jack Harlow)","Jung Kook",2025-04-01,5,81,album,TRUE,3.36,2025-03-31,1,continuing
"3D (feat. Jack Harlow)","Jung Kook",2025-04-02,6,81,album,TRUE,3.36,2025-04-01,1,continuing
"3D (feat. Jack Harlow)","Jung Kook",2025-04-03,6,81,album,TRUE,3.36,2025-04-02,1,continuing
"3D (feat. Jack Harlow)","Jung Kook",2025-04-04,7,81,album,TRUE,3.36,2025-04-03,1,continuing
"3D (feat. Jack Harlow)","Jung Kook",2025-04-05,6,81,album,TRUE,3.36,2025-04-04,1,continuing
"3D (feat. Jack Harlow)","Jung Kook",2025-04-06,6,81,album,TRUE,3.36,2025-04-05,1,continuing
"3D (feat. Jack Harlow)","Jung Kook",2025-04-07,6,81,album,TRUE,3.36,2025-04-06,1,continuing
"3D (feat. Jack Harlow)","Jung Kook",2025-04-08,6,81,album,TRUE,3.36,2025-04-07,1,continuing
"3D (feat. Jack Harlow)","Jung Kook",2025-04-09,6,81,album,TRUE,3.36,2025-04-08,1,continuing
"3D (feat. Jack Harlow)","Jung Kook",2025-04-10,6,81,album,TRUE,3.36,2025-04-09,1,continuing
"3D (feat. Jack Harlow)","Jung Kook",2025-04-11,6,81,album,TRUE,3.36,2025-04-10,1,continuing
"3D (feat. Jack Harlow)","Jung Kook",2025-04-12,6,81,album,TRUE,3.36,2025-04-11,1,continuing
"3D (feat. Jack Harlow)","Jung Kook",2025-04-13,6,81,album,TRUE,3.36,2025-04-12,1,continuing
"3D (feat. Jack Harlow)","Jung Kook",2025-04-14,6,82,album,TRUE,3.36,2025-04-13,1,continuing
"3D (feat. Jack Harlow)","Jung Kook",2025-04-15,6,82,album,TRUE,3.36,2025-04-14,1,continuing
"3D (feat. Jack Harlow)","Jung Kook",2025-04-16,6,82,album,TRUE,3.36,2025-04-15,1,continuing
"3D (feat. Jack Harlow)","Jung Kook",2025-04-17,6,82,album,TRUE,3.36,2025-04-16,1,continuing
"3D (feat. Jack Harlow)","Jung Kook",2025-04-18,6,82,album,TRUE,3.36,2025-04-17,1,continuing
"3D (feat. Jack Harlow)","Jung Kook",2025-04-19,6,82,album,TRUE,3.36,2025-04-18,1,continuing
"3D (feat. Jack Harlow)","Jung Kook",2025-04-20,6,82,album,TRUE,3.36,2025-04-19,1,continuing
"3D (feat. Jack Harlow)","Jung Kook",2025-04-21,6,82,album,TRUE,3.36,2025-04-20,1,continuing
"3D (feat. Jack Harlow)","Jung Kook",2025-04-22,6,82,album,TRUE,3.36,2025-04-21,1,continuing
"3D (feat. Jack Harlow)","Jung Kook",2025-04-23,6,82,album,TRUE,3.36,2025-04-22,1,continuing
"3D (feat. Jack Harlow)","Jung Kook",2025-04-24,6,82,album,TRUE,3.36,2025-04-23,1,continuing
"3D (feat. Jack Harlow)","Jung Kook",2025-04-25,6,82,album,TRUE,3.36,2025-04-24,1,continuing
"3D (feat. Jack Harlow)","Jung Kook",2025-04-26,6,82,album,TRUE,3.36,2025-04-25,1,continuing
"3D (feat. Jack Harlow)","Jung Kook",2025-04-27,6,81,album,TRUE,3.36,2025-04-26,1,continuing
"3D (feat. Jack Harlow)","Jung Kook",2025-04-28,7,81,album,TRUE,3.36,2025-04-27,1,continuing
"3D (feat. Jack Harlow)","Jung Kook",2025-04-29,7,81,album,TRUE,3.36,2025-04-28,1,continuing
"3D (feat. Jack Harlow)","Jung Kook",2025-04-30,7,81,album,TRUE,3.36,2025-04-29,1,continuing
"3D (feat. Jack Harlow)","Jung Kook",2025-05-01,7,81,album,TRUE,3.36,2025-04-30,1,continuing
"3D (feat. Jack Harlow)","Jung Kook",2025-05-02,7,81,album,TRUE,3.36,2025-05-01,1,continuing
"3D (feat. Jack Harlow)","Jung Kook",2025-05-03,7,81,album,TRUE,3.36,2025-05-02,1,continuing
"3D (feat. Jack Harlow)","Jung Kook",2025-05-04,7,81,album,TRUE,3.36,2025-05-03,1,continuing
"3D (feat. Jack Harlow)","Jung Kook",2025-05-05,7,81,album,TRUE,3.36,2025-05-04,1,continuing
"3D (feat. Jack Harlow)","Jung Kook",2025-05-06,7,81,album,TRUE,3.36,2025-05-05,1,continuing
"3D (feat. Jack Harlow)","Jung Kook",2025-05-07,6,81,album,TRUE,3.36,2025-05-06,1,continuing
"3D (feat. Jack Harlow)","Jung Kook",2025-05-08,7,80,album,TRUE,3.36,2025-05-07,1,continuing
"3D (feat. Jack Harlow)","Jung Kook",2025-05-09,7,80,album,TRUE,3.36,2025-05-08,1,continuing
"3D (feat. Jack Harlow)","Jung Kook",2025-05-10,7,80,album,TRUE,3.36,2025-05-09,1,continuing
"3D (feat. Jack Harlow)","Jung Kook",2025-05-11,7,80,album,TRUE,3.36,2025-05-10,1,continuing
"3D (feat. Jack Harlow)","Jung Kook",2025-05-12,7,80,album,TRUE,3.36,2025-05-11,1,continuing
"3D (feat. Jack Harlow)","Jung Kook",2025-05-13,5,80,album,TRUE,3.36,2025-05-12,1,continuing
"3D (feat. Jack Harlow)","Jung Kook",2025-05-14,7,80,album,TRUE,3.36,2025-05-13,1,continuing
"3D (feat. Jack Harlow)","Jung Kook",2025-05-15,8,80,album,TRUE,3.36,2025-05-14,1,continuing
"3D (feat. Jack Harlow)","Jung Kook",2025-05-16,8,80,album,TRUE,3.36,2025-05-15,1,continuing
"3D (feat. Jack Harlow)","Jung Kook",2025-05-17,8,80,album,TRUE,3.36,2025-05-16,1,continuing
"3D (feat. Jack Harlow)","Jung Kook",2025-05-18,8,80,album,TRUE,3.36,2025-05-17,1,continuing
"3D (feat. Jack Harlow)","Jung Kook",2025-05-19,8,80,album,TRUE,3.36,2025-05-18,1,continuing
"3D (feat. Jack Harlow)","Jung Kook",2025-05-20,7,80,album,TRUE,3.36,2025-05-19,1,continuing
"3D (feat. Jack Harlow)","Jung Kook",2025-05-21,8,80,album,TRUE,3.36,2025-05-20,1,continuing
"3D (feat. Jack Harlow)","Jung Kook",2025-05-22,7,80,album,TRUE,3.36,2025-05-21,1,continuing
"3D (feat. Jack Harlow)","Jung Kook",2025-05-23,9,80,album,TRUE,3.36,2025-05-22,1,continuing
"3D (feat. Jack Harlow)","Jung Kook",2025-05-24,8,80,album,TRUE,3.36,2025-05-23,1,continuing
"3D (feat. Jack Harlow)","Jung Kook",2025-05-25,8,80,album,TRUE,3.36,2025-05-24,1,continuing
"3D (feat. Jack Harlow)","Jung Kook",2025-05-26,10,80,album,TRUE,3.36,2025-05-25,1,continuing
"3D (feat. Jack Harlow)","Jung Kook",2025-05-27,9,80,album,TRUE,3.36,2025-05-26,1,continuing
"3D (feat. Jack Harlow)","Jung Kook",2025-05-28,9,80,album,TRUE,3.36,2025-05-27,1,continuing
"3D (feat. Jack Harlow)","Jung Kook",2025-05-29,10,80,album,TRUE,3.36,2025-05-28,1,continuing
"3D (feat. Jack Harlow)","Jung Kook",2025-05-30,10,80,album,TRUE,3.36,2025-05-29,1,continuing
"3D (feat. Jack Harlow)","Jung Kook",2025-05-31,10,79,album,TRUE,3.36,2025-05-30,1,continuing
"3D (feat. Jack Harlow)","Jung Kook",2025-06-01,10,79,album,TRUE,3.36,2025-05-31,1,continuing
"3D (feat. Jack Harlow)","Jung Kook",2025-06-02,10,79,album,TRUE,3.36,2025-06-01,1,continuing
"3D (feat. Jack Harlow)","Jung Kook",2025-06-03,10,79,album,TRUE,3.36,2025-06-02,1,continuing
"3D (feat. Jack Harlow)","Jung Kook",2025-06-04,10,79,album,TRUE,3.36,2025-06-03,1,continuing
"3D (feat. Jack Harlow)","Jung Kook",2025-06-05,10,79,album,TRUE,3.36,2025-06-04,1,continuing
"3D (feat. Jack Harlow)","Jung Kook",2025-06-06,10,79,album,TRUE,3.36,2025-06-05,1,continuing
"3D (feat. Jack Harlow)","Jung Kook",2025-06-07,10,79,album,TRUE,3.36,2025-06-06,1,continuing
"3D (feat. Jack Harlow)","Jung Kook",2025-06-08,10,79,album,TRUE,3.36,2025-06-07,1,continuing
"3D (feat. Jack Harlow)","Jung Kook",2025-06-09,13,75,album,TRUE,3.36,2025-06-08,1,continuing
"3D (feat. Jack Harlow)","Jung Kook",2025-06-10,12,75,album,TRUE,3.36,2025-06-09,1,continuing
"3D (feat. Jack Harlow)","Jung Kook",2025-06-11,12,75,album,TRUE,3.36,2025-06-10,1,continuing
"3D (feat. Jack Harlow)","Jung Kook",2025-06-12,11,74,album,TRUE,3.36,2025-06-11,1,continuing
"3D (feat. Jack Harlow)","Jung Kook",2025-06-13,11,74,album,TRUE,3.36,2025-06-12,1,continuing
"3D (feat. Jack Harlow)","Jung Kook",2025-06-14,12,74,album,TRUE,3.36,2025-06-13,1,continuing
"3D (feat. Jack Harlow)","Jung Kook",2025-06-15,12,74,album,TRUE,3.36,2025-06-14,1,continuing
"3D (feat. Jack Harlow)","Jung Kook",2025-06-16,13,74,album,TRUE,3.36,2025-06-15,1,continuing
"3D (feat. Jack Harlow)","Jung Kook",2025-06-17,13,74,album,TRUE,3.36,2025-06-16,1,continuing
"3D (feat. Jack Harlow)","Jung Kook",2025-06-18,13,75,album,TRUE,3.36,2025-06-17,1,continuing
"3D (feat. Jack Harlow)","Jung Kook",2025-06-19,13,75,album,TRUE,3.36,2025-06-18,1,continuing
"3D (feat. Jack Harlow)","Jung Kook",2025-06-20,14,75,album,TRUE,3.36,2025-06-19,1,continuing
"3D (feat. Jack Harlow)","Jung Kook",2025-06-21,12,75,album,TRUE,3.36,2025-06-20,1,continuing
"3D (feat. Jack Harlow)","Jung Kook",2025-06-22,15,75,album,TRUE,3.36,2025-06-21,1,continuing
"3D (feat. Jack Harlow)","Jung Kook",2025-06-23,15,76,album,TRUE,3.36,2025-06-22,1,continuing
"3D (feat. Jack Harlow)","Jung Kook",2025-06-24,23,76,album,TRUE,3.36,2025-06-23,1,continuing
"3D (feat. Jack Harlow)","Jung Kook",2025-06-25,23,76,album,TRUE,3.36,2025-06-24,1,continuing
"3D (feat. Jack Harlow)","Jung Kook",2025-06-26,15,76,album,TRUE,3.36,2025-06-25,1,continuing
"3D (feat. Jack Harlow)","Jung Kook",2025-06-27,14,77,album,TRUE,3.36,2025-06-26,1,continuing
"3D (feat. Jack Harlow)","Jung Kook",2025-06-28,16,77,album,TRUE,3.36,2025-06-27,1,continuing
"3D (feat. Jack Harlow)","Jung Kook",2025-06-29,16,77,album,TRUE,3.36,2025-06-28,1,continuing
"3D (feat. Jack Harlow)","Jung Kook",2025-06-30,16,78,album,TRUE,3.36,2025-06-29,1,continuing
"3D (feat. Jack Harlow)","Jung Kook",2025-07-01,16,78,album,TRUE,3.36,2025-06-30,1,continuing
"3D (feat. Jack Harlow)","Jung Kook",2025-07-02,18,78,album,TRUE,3.36,2025-07-01,1,continuing
"3D (feat. Jack Harlow)","Jung Kook",2025-07-03,18,78,album,TRUE,3.36,2025-07-02,1,continuing
"3D (feat. Jack Harlow)","Jung Kook",2025-07-04,12,79,album,TRUE,3.36,2025-07-03,1,continuing
"3D (feat. Jack Harlow)","Jung Kook",2025-07-05,19,79,album,TRUE,3.36,2025-07-04,1,continuing
"3D (feat. Jack Harlow)","Jung Kook",2025-07-06,9,79,album,TRUE,3.36,2025-07-05,1,continuing
"3D (feat. Jack Harlow)","Jung Kook",2025-07-07,10,79,album,TRUE,3.36,2025-07-06,1,continuing
"3D (feat. Jack Harlow)","Jung Kook",2025-07-08,10,78,album,TRUE,3.36,2025-07-07,1,continuing
"3D (feat. Jack Harlow)","Jung Kook",2025-07-09,9,78,album,TRUE,3.36,2025-07-08,1,continuing
"3D (feat. Jack Harlow)","Jung Kook",2025-07-10,11,78,album,TRUE,3.36,2025-07-09,1,continuing
"3D (feat. Jack Harlow)","Jung Kook",2025-07-12,10,78,album,TRUE,3.36,2025-07-10,2,reentry
"3D (feat. Jack Harlow)","Jung Kook",2025-07-13,10,78,album,TRUE,3.36,2025-07-12,1,continuing
"3D (feat. Jack Harlow)","Jung Kook",2025-07-14,13,79,album,TRUE,3.36,2025-07-13,1,continuing
"3D (feat. Jack Harlow)","Jung Kook",2025-07-15,11,79,album,TRUE,3.36,2025-07-14,1,continuing
"3D (feat. Jack Harlow)","Jung Kook",2025-07-16,11,79,album,TRUE,3.36,2025-07-15,1,continuing
"3D (feat. Jack Harlow)","Jung Kook",2025-07-17,10,79,album,TRUE,3.36,2025-07-16,1,continuing
"3D (feat. Jack Harlow)","Jung Kook",2025-07-18,10,79,album,TRUE,3.36,2025-07-17,1,continuing
"3D (feat. Jack Harlow)","Jung Kook",2025-07-19,11,79,album,TRUE,3.36,2025-07-18,1,continuing
"3D (feat. Jack Harlow)","Jung Kook",2025-07-20,11,79,album,TRUE,3.36,2025-07-19,1,continuing
"3D (feat. Jack Harlow)","Jung Kook",2025-07-21,12,79,album,TRUE,3.36,2025-07-20,1,continuing
"3D (feat. Jack Harlow)","Jung Kook",2025-07-22,12,79,album,TRUE,3.36,2025-07-21,1,continuing
"3D (feat. Jack Harlow)","Jung Kook",2025-07-23,12,79,album,TRUE,3.36,2025-07-22,1,continuing
"3D (feat. Jack Harlow)","Jung Kook",2025-07-24,12,79,album,TRUE,3.36,2025-07-23,1,continuing
"3D (feat. Jack Harlow)","Jung Kook",2025-07-25,11,79,album,TRUE,3.36,2025-07-24,1,continuing
"3D (feat. Jack Harlow)","Jung Kook",2025-07-26,9,79,album,TRUE,3.36,2025-07-25,1,continuing
"3D (feat. Jack Harlow)","Jung Kook",2025-07-27,10,79,album,TRUE,3.36,2025-07-26,1,continuing
"3D (feat. Jack Harlow)","Jung Kook",2025-07-28,10,79,album,TRUE,3.36,2025-07-27,1,continuing
"3D (feat. Jack Harlow)","Jung Kook",2025-07-29,9,79,album,TRUE,3.36,2025-07-28,1,continuing
"3D (feat. Jack Harlow)","Jung Kook",2025-07-30,9,79,album,TRUE,3.36,2025-07-29,1,continuing
"3D (feat. Jack Harlow)","Jung Kook",2025-07-31,9,79,album,TRUE,3.36,2025-07-30,1,continuing
"3D (feat. Jack Harlow)","Jung Kook",2025-08-01,9,79,album,TRUE,3.36,2025-07-31,1,continuing
"3D (feat. Jack Harlow)","Jung Kook",2025-08-02,9,79,album,TRUE,3.36,2025-08-01,1,continuing
"3D (feat. Jack Harlow)","Jung Kook",2025-08-03,9,79,album,TRUE,3.36,2025-08-02,1,continuing
"3D (feat. Jack Harlow)","Jung Kook",2025-08-04,9,79,album,TRUE,3.36,2025-08-03,1,continuing
"3D (feat. Jack Harlow)","Jung Kook",2025-08-05,9,79,album,TRUE,3.36,2025-08-04,1,continuing
"3D (feat. Jack Harlow)","Jung Kook",2025-08-06,9,78,album,TRUE,3.36,2025-08-05,1,continuing
"3D (feat. Jack Harlow)","Jung Kook",2025-08-07,9,79,album,TRUE,3.36,2025-08-06,1,continuing
"3D (feat. Jack Harlow)","Jung Kook",2025-08-08,7,78,album,TRUE,3.36,2025-08-07,1,continuing
"3D (feat. Jack Harlow)","Jung Kook",2025-08-09,7,78,album,TRUE,3.36,2025-08-08,1,continuing
"3D (feat. Jack Harlow)","Jung Kook",2025-08-10,7,78,album,TRUE,3.36,2025-08-09,1,continuing
"3D (feat. Jack Harlow)","Jung Kook",2025-08-11,9,79,album,TRUE,3.36,2025-08-10,1,continuing
"3D (feat. Jack Harlow)","Jung Kook",2025-08-12,5,79,album,TRUE,3.36,2025-08-11,1,continuing
"3D (feat. Jack Harlow)","Jung Kook",2025-08-14,5,79,album,TRUE,3.36,2025-08-12,2,reentry
"3D (feat. Jack Harlow)","Jung Kook",2025-08-15,5,79,album,TRUE,3.36,2025-08-14,1,continuing
"3D (feat. Jack Harlow)","Jung Kook",2025-08-16,5,79,album,TRUE,3.36,2025-08-15,1,continuing
"3D (feat. Jack Harlow)","Jung Kook",2025-08-17,6,78,album,TRUE,3.36,2025-08-16,1,continuing
"3D (feat. Jack Harlow)","Jung Kook",2025-08-18,5,78,album,TRUE,3.36,2025-08-17,1,continuing
"3D (feat. Jack Harlow)","Jung Kook",2025-08-19,5,78,album,TRUE,3.36,2025-08-18,1,continuing
"3D (feat. Jack Harlow)","Jung Kook",2025-08-20,5,78,album,TRUE,3.36,2025-08-19,1,continuing
"3D (feat. Jack Harlow)","Jung Kook",2025-08-21,5,78,album,TRUE,3.36,2025-08-20,1,continuing
"3D (feat. Jack Harlow)","Jung Kook",2025-08-22,5,78,album,TRUE,3.36,2025-08-21,1,continuing
"3D (feat. Jack Harlow)","Jung Kook",2025-08-23,5,78,album,TRUE,3.36,2025-08-22,1,continuing
"3D (feat. Jack Harlow)","Jung Kook",2025-08-24,5,78,album,TRUE,3.36,2025-08-23,1,continuing
"3D (feat. Jack Harlow)","Jung Kook",2025-08-25,5,78,album,TRUE,3.36,2025-08-24,1,continuing
"3D (feat. Jack Harlow)","Jung Kook",2025-08-26,5,78,album,TRUE,3.36,2025-08-25,1,continuing
"3D (feat. Jack Harlow)","Jung Kook",2025-08-27,5,78,album,TRUE,3.36,2025-08-26,1,continuing
"3D (feat. Jack Harlow)","Jung Kook",2025-08-28,8,78,album,TRUE,3.36,2025-08-27,1,continuing
"3D (feat. Jack Harlow)","Jung Kook",2025-08-29,9,78,album,TRUE,3.36,2025-08-28,1,continuing
"3D (feat. Jack Harlow)","Jung Kook",2025-08-30,9,78,album,TRUE,3.36,2025-08-29,1,continuing
"3D (feat. Jack Harlow)","Jung Kook",2025-08-31,8,78,album,TRUE,3.36,2025-08-30,1,continuing
"3D (feat. Jack Harlow)","Jung Kook",2025-09-01,10,78,album,TRUE,3.36,2025-08-31,1,continuing
"3D (feat. Jack Harlow)","Jung Kook",2025-09-02,7,78,album,TRUE,3.36,2025-09-01,1,continuing
"3D (feat. Jack Harlow)","Jung Kook",2025-09-03,7,78,album,TRUE,3.36,2025-09-02,1,continuing
"3D (feat. Jack Harlow)","Jung Kook",2025-09-04,7,78,album,TRUE,3.36,2025-09-03,1,continuing
"3D (feat. Jack Harlow)","Jung Kook",2025-09-05,6,78,album,TRUE,3.36,2025-09-04,1,continuing
"3D (feat. Jack Harlow)","Jung Kook",2025-09-06,6,78,album,TRUE,3.36,2025-09-05,1,continuing
"3D (feat. Jack Harlow)","Jung Kook",2025-09-07,9,78,album,TRUE,3.36,2025-09-06,1,continuing
"3D (feat. Jack Harlow)","Jung Kook",2025-09-08,6,78,album,TRUE,3.36,2025-09-07,1,continuing
"3D (feat. Jack Harlow)","Jung Kook",2025-09-09,6,78,album,TRUE,3.36,2025-09-08,1,continuing
"3D (feat. Jack Harlow)","Jung Kook",2025-09-10,6,78,album,TRUE,3.36,2025-09-09,1,continuing
"3D (feat. Jack Harlow)","Jung Kook",2025-09-11,6,78,album,TRUE,3.36,2025-09-10,1,continuing
"3D (feat. Jack Harlow)","Jung Kook",2025-09-12,7,78,album,TRUE,3.36,2025-09-11,1,continuing
"3D (feat. Jack Harlow)","Jung Kook",2025-09-13,6,78,album,TRUE,3.36,2025-09-12,1,continuing
"3D (feat. Jack Harlow)","Jung Kook",2025-09-14,6,78,album,TRUE,3.36,2025-09-13,1,continuing
"3D (feat. Jack Harlow)","Jung Kook",2025-09-15,6,78,album,TRUE,3.36,2025-09-14,1,continuing
"3D (feat. Jack Harlow)","Jung Kook",2025-09-16,6,78,album,TRUE,3.36,2025-09-15,1,continuing
"3D (feat. Jack Harlow)","Jung Kook",2025-09-17,5,78,album,TRUE,3.36,2025-09-16,1,continuing
"3D (feat. Jack Harlow)","Jung Kook",2025-09-18,5,78,album,TRUE,3.36,2025-09-17,1,continuing
"3D (feat. Jack Harlow)","Jung Kook",2025-09-19,5,78,album,TRUE,3.36,2025-09-18,1,continuing
"3D (feat. Jack Harlow)","Jung Kook",2025-09-20,6,78,album,TRUE,3.36,2025-09-19,1,continuing
"3D (feat. Jack Harlow)","Jung Kook",2025-09-21,7,78,album,TRUE,3.36,2025-09-20,1,continuing
"3D (feat. Jack Harlow)","Jung Kook",2025-09-22,6,78,album,TRUE,3.36,2025-09-21,1,continuing
"3D (feat. Jack Harlow)","Jung Kook",2025-09-23,6,78,album,TRUE,3.36,2025-09-22,1,continuing
"3D (feat. Jack Harlow)","Jung Kook",2025-09-24,5,78,album,TRUE,3.36,2025-09-23,1,continuing
"3D (feat. Jack Harlow)","Jung Kook",2025-09-25,7,77,album,TRUE,3.36,2025-09-24,1,continuing
"3D (feat. Jack Harlow)","Jung Kook",2025-09-26,6,77,album,TRUE,3.36,2025-09-25,1,continuing
"3D (feat. Jack Harlow)","Jung Kook",2025-09-27,5,77,album,TRUE,3.36,2025-09-26,1,continuing
"3D (feat. Jack Harlow)","Jung Kook",2025-09-28,4,77,album,TRUE,3.36,2025-09-27,1,continuing
"3D (feat. Jack Harlow)","Jung Kook",2025-09-29,5,77,album,TRUE,3.36,2025-09-28,1,continuing
"3D (feat. Jack Harlow)","Jung Kook",2025-09-30,4,77,album,TRUE,3.36,2025-09-29,1,continuing
"3D (feat. Jack Harlow)","Jung Kook",2025-10-01,4,77,album,TRUE,3.36,2025-09-30,1,continuing
"3D (feat. Jack Harlow)","Jung Kook",2025-10-02,4,77,album,TRUE,3.36,2025-10-01,1,continuing
"3D (feat. Jack Harlow)","Jung Kook",2025-10-03,4,77,album,TRUE,3.36,2025-10-02,1,continuing
"3D (feat. Jack Harlow)","Jung Kook",2025-10-04,4,77,album,TRUE,3.36,2025-10-03,1,continuing
"3D (feat. Jack Harlow)","Jung Kook",2025-10-05,4,77,album,TRUE,3.36,2025-10-04,1,continuing
"3D (feat. Jack Harlow)","Jung Kook",2025-10-06,5,77,album,TRUE,3.36,2025-10-05,1,continuing
"3D (feat. Jack Harlow)","Jung Kook",2025-10-07,4,77,album,TRUE,3.36,2025-10-06,1,continuing
"3D (feat. Jack Harlow)","Jung Kook",2025-10-08,5,77,album,TRUE,3.36,2025-10-07,1,continuing
"3D (feat. Jack Harlow)","Jung Kook",2025-10-09,5,77,album,TRUE,3.36,2025-10-08,1,continuing
"3D (feat. Jack Harlow)","Jung Kook",2025-10-10,5,77,album,TRUE,3.36,2025-10-09,1,continuing
"3D (feat. Jack Harlow)","Jung Kook",2025-10-11,4,77,album,TRUE,3.36,2025-10-10,1,continuing
"3D (feat. Jack Harlow)","Jung Kook",2025-10-12,6,77,album,TRUE,3.36,2025-10-11,1,continuing
"3D (feat. Jack Harlow)","Jung Kook",2025-10-13,7,77,album,TRUE,3.36,2025-10-12,1,continuing
"3D (feat. Jack Harlow)","Jung Kook",2025-10-14,9,77,album,TRUE,3.36,2025-10-13,1,continuing
"3D (feat. Jack Harlow)","Jung Kook",2025-10-15,7,77,album,TRUE,3.36,2025-10-14,1,continuing
"3D (feat. Jack Harlow)","Jung Kook",2025-10-16,7,77,album,TRUE,3.36,2025-10-15,1,continuing
"3D (feat. Jack Harlow)","Jung Kook",2025-10-17,8,77,album,TRUE,3.36,2025-10-16,1,continuing
"3D (feat. Jack Harlow)","Jung Kook",2025-10-18,8,77,album,TRUE,3.36,2025-10-17,1,continuing
"3D (feat. Jack Harlow)","Jung Kook",2025-10-19,10,77,album,TRUE,3.36,2025-10-18,1,continuing
"3D (feat. Jack Harlow)","Jung Kook",2025-10-20,10,77,album,TRUE,3.36,2025-10-19,1,continuing
"3D (feat. Jack Harlow)","Jung Kook",2025-10-21,9,77,album,TRUE,3.36,2025-10-20,1,continuing
"3D (feat. Jack Harlow)","Jung Kook",2025-10-22,9,77,album,TRUE,3.36,2025-10-21,1,continuing
"3D (feat. Jack Harlow)","Jung Kook",2025-10-23,11,77,album,TRUE,3.36,2025-10-22,1,continuing
"3D (feat. Jack Harlow)","Jung Kook",2025-10-24,12,77,album,TRUE,3.36,2025-10-23,1,continuing
"3D (feat. Jack Harlow)","Jung Kook",2025-10-25,12,77,album,TRUE,3.36,2025-10-24,1,continuing
"3D (feat. Jack Harlow)","Jung Kook",2025-10-26,15,77,album,TRUE,3.36,2025-10-25,1,continuing
"3D (feat. Jack Harlow)","Jung Kook",2025-10-27,16,77,album,TRUE,3.36,2025-10-26,1,continuing
"3D (feat. Jack Harlow)","Jung Kook",2025-10-28,16,77,album,TRUE,3.36,2025-10-27,1,continuing
"3D (feat. Jack Harlow)","Jung Kook",2025-10-29,17,77,album,TRUE,3.36,2025-10-28,1,continuing
"3D (feat. Jack Harlow)","Jung Kook",2025-10-30,16,77,album,TRUE,3.36,2025-10-29,1,continuing
"3D (feat. Jack Harlow)","Jung Kook",2025-10-31,14,77,album,TRUE,3.36,2025-10-30,1,continuing
"3D (feat. Jack Harlow)","Jung Kook",2025-11-01,13,77,album,TRUE,3.36,2025-10-31,1,continuing
"3D (feat. Jack Harlow)","Jung Kook",2025-11-02,15,77,album,TRUE,3.36,2025-11-01,1,continuing
"3D (feat. Jack Harlow)","Jung Kook",2025-11-03,14,77,album,TRUE,3.36,2025-11-02,1,continuing
"3D (feat. Jack Harlow)","Jung Kook",2025-11-04,15,77,album,TRUE,3.36,2025-11-03,1,continuing
"3D (feat. Jack Harlow)","Jung Kook",2025-11-05,15,77,album,TRUE,3.36,2025-11-04,1,continuing
"3D (feat. Jack Harlow)","Jung Kook",2025-11-06,13,77,album,TRUE,3.36,2025-11-05,1,continuing
"3D (feat. Jack Harlow)","Jung Kook",2025-11-07,12,77,album,TRUE,3.36,2025-11-06,1,continuing
"3D (feat. Jack Harlow)","Jung Kook",2025-11-08,10,77,album,TRUE,3.36,2025-11-07,1,continuing
"3D (feat. Jack Harlow)","Jung Kook",2025-11-09,9,77,album,TRUE,3.36,2025-11-08,1,continuing
"3D (feat. Jack Harlow)","Jung Kook",2025-11-10,12,78,album,TRUE,3.36,2025-11-09,1,continuing
"3D (feat. Jack Harlow)","Jung Kook",2025-11-11,9,78,album,TRUE,3.36,2025-11-10,1,continuing
"3D (feat. Jack Harlow)","Jung Kook",2025-11-12,9,78,album,TRUE,3.36,2025-11-11,1,continuing
"3D (feat. Jack Harlow)","Jung Kook",2025-11-13,8,78,album,TRUE,3.36,2025-11-12,1,continuing
"3D (feat. Jack Harlow)","Jung Kook",2025-11-14,10,78,album,TRUE,3.36,2025-11-13,1,continuing
"3D (feat. Jack Harlow)","Jung Kook",2025-11-15,9,78,album,TRUE,3.36,2025-11-14,1,continuing
"3D (feat. Jack Harlow)","Jung Kook",2025-11-16,12,79,album,TRUE,3.36,2025-11-15,1,continuing
"3D (feat. Jack Harlow)","Jung Kook",2025-11-17,16,79,album,TRUE,3.36,2025-11-16,1,continuing
"3D (feat. Jack Harlow)","Jung Kook",2025-11-18,12,79,album,TRUE,3.36,2025-11-17,1,continuing
"3D (feat. Jack Harlow)","Jung Kook",2025-11-19,10,79,album,TRUE,3.36,2025-11-18,1,continuing
"3D (feat. Jack Harlow)","Jung Kook",2025-11-20,9,79,album,TRUE,3.36,2025-11-19,1,continuing
"3D (feat. Jack Harlow)","Jung Kook",2025-11-21,9,79,album,TRUE,3.36,2025-11-20,1,continuing
"3D (feat. Jack Harlow)","Jung Kook",2025-11-22,12,79,album,TRUE,3.36,2025-11-21,1,continuing
"3D (feat. Jack Harlow)","Jung Kook",2025-11-23,10,79,album,TRUE,3.36,2025-11-22,1,continuing
"3D (feat. Jack Harlow)","Jung Kook",2025-11-24,17,79,album,TRUE,3.36,2025-11-23,1,continuing
"3D (feat. Jack Harlow)","Jung Kook",2025-11-25,15,79,album,TRUE,3.36,2025-11-24,1,continuing
"3D (feat. Jack Harlow)","Jung Kook",2025-11-26,13,79,album,TRUE,3.36,2025-11-25,1,continuing
"3D (feat. Jack Harlow)","Jung Kook",2025-11-27,13,78,album,TRUE,3.36,2025-11-26,1,continuing
"3D (feat. Jack Harlow) (Alternate Ver.)","Jung Kook & Jack Harlow",2024-09-30,4,0,single,FALSE,2.71,NULL,NULL,first_entry
"3D (feat. Jack Harlow) (Alternate Ver.)","Jung Kook & Jack Harlow",2024-10-01,4,0,single,FALSE,2.71,2024-09-30,1,continuing
"3D (feat. Jack Harlow) (Instrumental)","Jung Kook & Jack Harlow",2024-09-30,9,0,single,FALSE,3.33,NULL,NULL,first_entry
"3D (feat. Jack Harlow) (Instrumental)","Jung Kook & Jack Harlow",2024-10-01,9,0,single,FALSE,3.33,2024-09-30,1,continuing
"3D (feat. Jack Harlow) (Instrumental)","Jung Kook & Jack Harlow",2024-10-02,10,72,single,FALSE,3.33,2024-10-01,1,continuing
"3D (feat. Jack Harlow) (Instrumental)","Jung Kook & Jack Harlow",2024-10-03,10,74,single,FALSE,3.33,2024-10-02,1,continuing
"3D (feat. Jack Harlow) (Instrumental)","Jung Kook & Jack Harlow",2024-10-04,28,51,album,FALSE,3.33,2024-10-03,1,continuing
"3D (feat. Jack Harlow) (Instrumental)","Jung Kook & Jack Harlow",2024-10-05,28,55,album,FALSE,3.33,2024-10-04,1,continuing
"3D (feat. Jack Harlow) (Instrumental)","Jung Kook & Jack Harlow",2024-10-09,50,60,album,FALSE,3.33,2024-10-05,4,reentry
"3D (feat. Jack Harlow) (Instrumental)","Jung Kook & Jack Harlow",2024-10-10,38,61,album,FALSE,3.33,2024-10-09,1,continuing
"3D (feat. Jack Harlow) (Instrumental)","Jung Kook & Jack Harlow",2024-10-11,38,62,album,FALSE,3.33,2024-10-10,1,continuing
"3D (feat. Jack Harlow) (Instrumental)","Jung Kook & Jack Harlow",2024-10-12,40,62,album,FALSE,3.33,2024-10-11,1,continuing
"3D (feat. Jack Harlow) (Instrumental)","Jung Kook & Jack Harlow",2024-10-13,49,62,album,FALSE,3.33,2024-10-12,1,continuing
"3D (feat. Jack Harlow) (MK Remix)","Jung Kook & Jack Harlow & MK",2024-10-31,28,0,single,TRUE,3.10,NULL,NULL,first_entry
"3D (feat. Jack Harlow) (MK Remix)","Jung Kook & Jack Harlow & MK",2024-11-01,30,0,single,TRUE,3.10,2024-10-31,1,continuing
"3D (feat. Jack Harlow) (MK Remix)","Jung Kook & Jack Harlow & MK",2024-11-02,30,58,single,TRUE,3.10,2024-11-01,1,continuing
"3D (feat. Jack Harlow) (MK Remix)","Jung Kook & Jack Harlow & MK",2024-11-03,33,62,single,TRUE,3.10,2024-11-02,1,continuing
"3D (Justin Timberlake Remix)","Jung Kook & Justin Timberlake",2024-11-25,21,0,single,FALSE,2.68,NULL,NULL,first_entry
"3D (Justin Timberlake Remix)","Jung Kook & Justin Timberlake",2024-11-26,26,67,single,FALSE,2.68,2024-11-25,1,continuing
"3D (Justin Timberlake Remix)","Jung Kook & Justin Timberlake",2024-11-27,28,71,single,FALSE,2.68,2024-11-26,1,continuing
"3D (Justin Timberlake Remix)","Jung Kook & Justin Timberlake",2024-12-03,38,75,single,FALSE,2.68,2024-11-27,6,reentry
"3D (Justin Timberlake Remix)","Jung Kook & Justin Timberlake",2024-12-04,36,76,single,FALSE,2.68,2024-12-03,1,continuing
"3D (Justin Timberlake Remix)","Jung Kook & Justin Timberlake",2024-12-05,46,76,single,FALSE,2.68,2024-12-04,1,continuing
"990 (Feat. Kim Ximya)",Beenzino,2024-07-05,18,40,album,TRUE,3.56,NULL,NULL,first_entry
"990 (Feat. Kim Ximya)",Beenzino,2024-07-06,18,46,album,TRUE,3.56,2024-07-05,1,continuing
"990 (Feat. Kim Ximya)",Beenzino,2024-07-07,28,46,album,TRUE,3.56,2024-07-06,1,continuing
"990 (Feat. Kim Ximya)",Beenzino,2024-07-08,38,50,album,TRUE,3.56,2024-07-07,1,continuing
"990 (Feat. Kim Ximya)",Beenzino,2024-07-09,47,50,album,TRUE,3.56,2024-07-08,1,continuing
"A bientot","Lim Young Woong",2024-05-18,41,58,album,FALSE,4.27,NULL,NULL,first_entry
"A bientot","Lim Young Woong",2024-05-19,43,58,album,FALSE,4.27,2024-05-18,1,continuing
"A bientot","Lim Young Woong",2024-05-20,39,58,album,FALSE,4.27,2024-05-19,1,continuing
"A bientot","Lim Young Woong",2024-05-21,40,58,album,FALSE,4.27,2024-05-20,1,continuing
"A bientot","Lim Young Woong",2024-05-22,39,58,album,FALSE,4.27,2024-05-21,1,continuing
"A bientot","Lim Young Woong",2024-05-23,36,58,album,FALSE,4.27,2024-05-22,1,continuing
"A bientot","Lim Young Woong",2024-05-24,37,58,album,FALSE,4.27,2024-05-23,1,continuing
"A bientot","Lim Young Woong",2024-05-25,39,58,album,FALSE,4.27,2024-05-24,1,continuing
"A bientot","Lim Young Woong",2024-05-26,42,58,album,FALSE,4.27,2024-05-25,1,continuing
"A bientot","Lim Young Woong",2024-05-27,40,58,album,FALSE,4.27,2024-05-26,1,continuing
"A bientot","Lim Young Woong",2024-05-28,40,58,album,FALSE,4.27,2024-05-27,1,continuing
"A bientot","Lim Young Woong",2024-05-29,39,58,album,FALSE,4.27,2024-05-28,1,continuing
"A bientot","Lim Young Woong",2024-05-30,34,58,album,FALSE,4.27,2024-05-29,1,continuing
"A bientot","Lim Young Woong",2024-05-31,40,58,album,FALSE,4.27,2024-05-30,1,continuing
"A bientot","Lim Young Woong",2024-06-01,38,58,album,FALSE,4.27,2024-05-31,1,continuing
"A bientot","Lim Young Woong",2024-06-02,39,58,album,FALSE,4.27,2024-06-01,1,continuing
"A bientot","Lim Young Woong",2024-06-03,35,58,album,FALSE,4.27,2024-06-02,1,continuing
"A bientot","Lim Young Woong",2024-06-04,38,58,album,FALSE,4.27,2024-06-03,1,continuing
"A bientot","Lim Young Woong",2024-06-05,35,58,album,FALSE,4.27,2024-06-04,1,continuing
"A bientot","Lim Young Woong",2024-06-06,34,58,album,FALSE,4.27,2024-06-05,1,continuing
"A bientot","Lim Young Woong",2024-06-07,41,58,album,FALSE,4.27,2024-06-06,1,continuing
"A bientot","Lim Young Woong",2024-06-09,44,58,album,FALSE,4.27,2024-06-07,2,reentry
"A bientot","Lim Young Woong",2024-06-10,40,58,album,FALSE,4.27,2024-06-09,1,continuing
"A bientot","Lim Young Woong",2024-06-11,45,58,album,FALSE,4.27,2024-06-10,1,continuing
"A bientot","Lim Young Woong",2024-06-12,44,58,album,FALSE,4.27,2024-06-11,1,continuing
"A bientot","Lim Young Woong",2024-06-13,42,58,album,FALSE,4.27,2024-06-12,1,continuing
"A bientot","Lim Young Woong",2024-06-14,44,58,album,FALSE,4.27,2024-06-13,1,continuing
"A bientot","Lim Young Woong",2024-06-15,47,58,album,FALSE,4.27,2024-06-14,1,continuing
"A bientot","Lim Young Woong",2024-06-16,45,58,album,FALSE,4.27,2024-06-15,1,continuing
"A bientot","Lim Young Woong",2024-06-17,45,58,album,FALSE,4.27,2024-06-16,1,continuing
"A bientot","Lim Young Woong",2024-06-18,46,58,album,FALSE,4.27,2024-06-17,1,continuing
"A bientot","Lim Young Woong",2024-06-19,45,58,album,FALSE,4.27,2024-06-18,1,continuing
"A bientot","Lim Young Woong",2024-06-20,48,58,album,FALSE,4.27,2024-06-19,1,continuing
"A bientot","Lim Young Woong",2024-06-22,46,58,album,FALSE,4.27,2024-06-20,2,reentry
"A bientot","Lim Young Woong",2024-06-23,44,58,album,FALSE,4.27,2024-06-22,1,continuing
"A bientot","Lim Young Woong",2024-06-24,39,58,album,FALSE,4.27,2024-06-23,1,continuing
"A bientot","Lim Young Woong",2024-06-25,46,58,album,FALSE,4.27,2024-06-24,1,continuing
"A bientot","Lim Young Woong",2024-06-26,46,58,album,FALSE,4.27,2024-06-25,1,continuing
"A bientot","Lim Young Woong",2024-06-27,47,58,album,FALSE,4.27,2024-06-26,1,continuing
"A bientot","Lim Young Woong",2024-06-28,47,58,album,FALSE,4.27,2024-06-27,1,continuing
"A bientot","Lim Young Woong",2024-06-29,40,58,album,FALSE,4.27,2024-06-28,1,continuing
"A bientot","Lim Young Woong",2024-06-30,40,58,album,FALSE,4.27,2024-06-29,1,continuing
"A bientot","Lim Young Woong",2024-07-01,45,58,album,FALSE,4.27,2024-06-30,1,continuing
"A bientot","Lim Young Woong",2024-07-02,47,58,album,FALSE,4.27,2024-07-01,1,continuing
"A bientot","Lim Young Woong",2024-07-03,48,58,album,FALSE,4.27,2024-07-02,1,continuing
"A bientot","Lim Young Woong",2024-07-04,47,58,album,FALSE,4.27,2024-07-03,1,continuing
"A bientot","Lim Young Woong",2024-07-11,47,59,album,FALSE,4.27,2024-07-04,7,reentry
"A bientot","Lim Young Woong",2024-07-13,50,59,album,FALSE,4.27,2024-07-11,2,reentry
"A bientot","Lim Young Woong",2024-07-17,50,59,album,FALSE,4.27,2024-07-13,4,reentry
"A bientot","Lim Young Woong",2024-07-18,50,59,album,FALSE,4.27,2024-07-17,1,continuing
"A bientot","Lim Young Woong",2024-07-23,50,58,album,FALSE,4.27,2024-07-18,5,reentry
"A bientot","Lim Young Woong",2024-07-24,50,58,album,FALSE,4.27,2024-07-23,1,continuing
"A bientot","Lim Young Woong",2024-07-25,46,58,album,FALSE,4.27,2024-07-24,1,continuing
"A bientot","Lim Young Woong",2024-08-04,50,57,album,FALSE,4.27,2024-07-25,10,reentry
"A bientot","Lim Young Woong",2024-08-06,49,57,album,FALSE,4.27,2024-08-04,2,reentry
"A bientot","Lim Young Woong",2024-08-07,43,57,album,FALSE,4.27,2024-08-06,1,continuing
"A bientot","Lim Young Woong",2024-08-08,43,57,album,FALSE,4.27,2024-08-07,1,continuing
"A bientot","Lim Young Woong",2024-08-09,44,57,album,FALSE,4.27,2024-08-08,1,continuing
"A bientot","Lim Young Woong",2024-08-10,46,57,album,FALSE,4.27,2024-08-09,1,continuing
"A bientot","Lim Young Woong",2024-08-11,46,57,album,FALSE,4.27,2024-08-10,1,continuing
"A bientot","Lim Young Woong",2024-08-12,44,57,album,FALSE,4.27,2024-08-11,1,continuing
"A bientot","Lim Young Woong",2024-08-28,49,57,album,FALSE,4.27,2024-08-12,16,reentry
"A bientot","Lim Young Woong",2024-09-03,50,57,album,FALSE,4.27,2024-08-28,6,reentry
"A bientot","Lim Young Woong",2024-09-04,46,57,album,FALSE,4.27,2024-09-03,1,continuing
"A bientot","Lim Young Woong",2024-09-10,44,57,album,FALSE,4.27,2024-09-04,6,reentry
"A bientot","Lim Young Woong",2024-09-11,44,58,album,FALSE,4.27,2024-09-10,1,continuing
"A bientot","Lim Young Woong",2024-09-12,44,58,album,FALSE,4.27,2024-09-11,1,continuing
"A bientot","Lim Young Woong",2024-09-13,47,58,album,FALSE,4.27,2024-09-12,1,continuing
"A bientot","Lim Young Woong",2024-09-14,48,58,album,FALSE,4.27,2024-09-13,1,continuing
"A bientot","Lim Young Woong",2024-09-19,50,57,album,FALSE,4.27,2024-09-14,5,reentry
"A bientot","Lim Young Woong",2024-09-20,50,57,album,FALSE,4.27,2024-09-19,1,continuing
"A bientot","Lim Young Woong",2024-09-21,50,57,album,FALSE,4.27,2024-09-20,1,continuing
"A bientot","Lim Young Woong",2024-09-23,49,57,album,FALSE,4.27,2024-09-21,2,reentry
"A bientot","Lim Young Woong",2024-09-24,49,57,album,FALSE,4.27,2024-09-23,1,continuing
"A bientot","Lim Young Woong",2024-09-25,43,57,album,FALSE,4.27,2024-09-24,1,continuing
"A bientot","Lim Young Woong",2024-09-26,43,57,album,FALSE,4.27,2024-09-25,1,continuing
"A bientot","Lim Young Woong",2024-09-27,48,57,album,FALSE,4.27,2024-09-26,1,continuing
"A bientot","Lim Young Woong",2024-09-30,50,57,album,FALSE,4.27,2024-09-27,3,reentry
"A bientot","Lim Young Woong",2024-10-01,50,57,album,FALSE,4.27,2024-09-30,1,continuing
"A bientot","Lim Young Woong",2024-10-02,45,57,album,FALSE,4.27,2024-10-01,1,continuing
"A bientot","Lim Young Woong",2024-10-03,45,57,album,FALSE,4.27,2024-10-02,1,continuing
"A bientot","Lim Young Woong",2024-10-04,47,57,album,FALSE,4.27,2024-10-03,1,continuing
"A bientot","Lim Young Woong",2024-10-05,47,57,album,FALSE,4.27,2024-10-04,1,continuing
"A bientot","Lim Young Woong",2024-10-09,48,57,album,FALSE,4.27,2024-10-05,4,reentry
"A bientot","Lim Young Woong",2024-10-13,45,57,album,FALSE,4.27,2024-10-09,4,reentry
"A bientot","Lim Young Woong",2024-10-14,42,57,album,FALSE,4.27,2024-10-13,1,continuing
"A bientot","Lim Young Woong",2024-10-15,42,58,album,FALSE,4.27,2024-10-14,1,continuing
"A bientot","Lim Young Woong",2024-10-16,43,58,album,FALSE,4.27,2024-10-15,1,continuing
"A bientot","Lim Young Woong",2024-10-17,45,58,album,FALSE,4.27,2024-10-16,1,continuing
"A bientot","Lim Young Woong",2024-10-18,45,58,album,FALSE,4.27,2024-10-17,1,continuing
"A bientot","Lim Young Woong",2024-10-19,45,58,album,FALSE,4.27,2024-10-18,1,continuing
"A bientot","Lim Young Woong",2024-10-20,50,58,album,FALSE,4.27,2024-10-19,1,continuing
"A bientot","Lim Young Woong",2024-10-21,41,59,album,FALSE,4.27,2024-10-20,1,continuing
"A bientot","Lim Young Woong",2024-10-22,37,59,album,FALSE,4.27,2024-10-21,1,continuing
"A bientot","Lim Young Woong",2024-10-23,35,59,album,FALSE,4.27,2024-10-22,1,continuing
"A bientot","Lim Young Woong",2024-10-24,32,59,album,FALSE,4.27,2024-10-23,1,continuing
"A bientot","Lim Young Woong",2024-10-25,32,59,album,FALSE,4.27,2024-10-24,1,continuing
"A bientot","Lim Young Woong",2024-10-26,31,59,album,FALSE,4.27,2024-10-25,1,continuing
"A bientot","Lim Young Woong",2024-10-27,34,59,album,FALSE,4.27,2024-10-26,1,continuing
"A bientot","Lim Young Woong",2024-10-28,34,59,album,FALSE,4.27,2024-10-27,1,continuing
"A bientot","Lim Young Woong",2024-10-29,32,59,album,FALSE,4.27,2024-10-28,1,continuing
"A bientot","Lim Young Woong",2024-10-30,32,59,album,FALSE,4.27,2024-10-29,1,continuing
"A bientot","Lim Young Woong",2024-10-31,32,59,album,FALSE,4.27,2024-10-30,1,continuing
"A bientot","Lim Young Woong",2024-11-01,27,59,album,FALSE,4.27,2024-10-31,1,continuing
"A bientot","Lim Young Woong",2024-11-02,27,59,album,FALSE,4.27,2024-11-01,1,continuing
"A bientot","Lim Young Woong",2024-11-03,30,60,album,FALSE,4.27,2024-11-02,1,continuing
"A bientot","Lim Young Woong",2024-11-04,34,60,album,FALSE,4.27,2024-11-03,1,continuing
"A bientot","Lim Young Woong",2024-11-05,35,60,album,FALSE,4.27,2024-11-04,1,continuing
"A bientot","Lim Young Woong",2024-11-06,35,60,album,FALSE,4.27,2024-11-05,1,continuing
"A bientot","Lim Young Woong",2024-11-07,32,60,album,FALSE,4.27,2024-11-06,1,continuing
"A bientot","Lim Young Woong",2024-11-08,32,60,album,FALSE,4.27,2024-11-07,1,continuing
"A bientot","Lim Young Woong",2024-11-09,32,60,album,FALSE,4.27,2024-11-08,1,continuing
"A bientot","Lim Young Woong",2024-11-10,30,60,album,FALSE,4.27,2024-11-09,1,continuing
"A bientot","Lim Young Woong",2024-11-11,30,60,album,FALSE,4.27,2024-11-10,1,continuing
"A bientot","Lim Young Woong",2024-11-12,29,60,album,FALSE,4.27,2024-11-11,1,continuing
"A bientot","Lim Young Woong",2024-11-13,28,60,album,FALSE,4.27,2024-11-12,1,continuing
"A bientot","Lim Young Woong",2024-11-14,28,60,album,FALSE,4.27,2024-11-13,1,continuing
"A bientot","Lim Young Woong",2024-11-15,29,61,album,FALSE,4.27,2024-11-14,1,continuing
"A bientot","Lim Young Woong",2024-11-16,29,61,album,FALSE,4.27,2024-11-15,1,continuing
"A bientot","Lim Young Woong",2024-11-17,24,61,album,FALSE,4.27,2024-11-16,1,continuing
"A bientot","Lim Young Woong",2024-11-18,24,61,album,FALSE,4.27,2024-11-17,1,continuing
"A bientot","Lim Young Woong",2024-11-19,24,61,album,FALSE,4.27,2024-11-18,1,continuing
"A bientot","Lim Young Woong",2024-11-20,19,61,album,FALSE,4.27,2024-11-19,1,continuing
"A bientot","Lim Young Woong",2024-11-21,23,61,album,FALSE,4.27,2024-11-20,1,continuing
"A bientot","Lim Young Woong",2024-11-22,28,61,album,FALSE,4.27,2024-11-21,1,continuing
"A bientot","Lim Young Woong",2024-11-23,24,62,album,FALSE,4.27,2024-11-22,1,continuing
"A bientot","Lim Young Woong",2024-11-24,25,62,album,FALSE,4.27,2024-11-23,1,continuing
"A bientot","Lim Young Woong",2024-11-25,24,62,album,FALSE,4.27,2024-11-24,1,continuing
"A bientot","Lim Young Woong",2024-11-26,23,62,album,FALSE,4.27,2024-11-25,1,continuing
"A bientot","Lim Young Woong",2024-11-27,23,62,album,FALSE,4.27,2024-11-26,1,continuing
"A bientot","Lim Young Woong",2024-11-28,24,62,album,FALSE,4.27,2024-11-27,1,continuing
"A bientot","Lim Young Woong",2024-11-29,25,62,album,FALSE,4.27,2024-11-28,1,continuing
"A bientot","Lim Young Woong",2024-11-30,18,62,album,FALSE,4.27,2024-11-29,1,continuing
"A bientot","Lim Young Woong",2024-12-01,18,62,album,FALSE,4.27,2024-11-30,1,continuing
"A bientot","Lim Young Woong",2024-12-02,21,62,album,FALSE,4.27,2024-12-01,1,continuing
"A bientot","Lim Young Woong",2024-12-03,20,62,album,FALSE,4.27,2024-12-02,1,continuing
"A bientot","Lim Young Woong",2024-12-04,21,62,album,FALSE,4.27,2024-12-03,1,continuing
"A bientot","Lim Young Woong",2024-12-05,22,62,album,FALSE,4.27,2024-12-04,1,continuing
"A bientot","Lim Young Woong",2024-12-06,20,62,album,FALSE,4.27,2024-12-05,1,continuing
"A bientot","Lim Young Woong",2024-12-07,20,62,album,FALSE,4.27,2024-12-06,1,continuing
"A bientot","Lim Young Woong",2024-12-08,22,62,album,FALSE,4.27,2024-12-07,1,continuing
"A bientot","Lim Young Woong",2024-12-09,23,62,album,FALSE,4.27,2024-12-08,1,continuing
"A bientot","Lim Young Woong",2024-12-10,22,62,album,FALSE,4.27,2024-12-09,1,continuing
"A bientot","Lim Young Woong",2024-12-11,26,62,album,FALSE,4.27,2024-12-10,1,continuing
"A bientot","Lim Young Woong",2024-12-12,25,62,album,FALSE,4.27,2024-12-11,1,continuing
"A bientot","Lim Young Woong",2024-12-13,23,62,album,FALSE,4.27,2024-12-12,1,continuing
"A bientot","Lim Young Woong",2024-12-14,23,62,album,FALSE,4.27,2024-12-13,1,continuing
"A bientot","Lim Young Woong",2024-12-15,23,62,album,FALSE,4.27,2024-12-14,1,continuing
"A bientot","Lim Young Woong",2024-12-16,25,62,album,FALSE,4.27,2024-12-15,1,continuing
"A bientot","Lim Young Woong",2024-12-17,23,62,album,FALSE,4.27,2024-12-16,1,continuing
"A bientot","Lim Young Woong",2024-12-18,23,62,album,FALSE,4.27,2024-12-17,1,continuing
"A bientot","Lim Young Woong",2024-12-19,23,62,album,FALSE,4.27,2024-12-18,1,continuing
"A bientot","Lim Young Woong",2024-12-20,24,61,album,FALSE,4.27,2024-12-19,1,continuing
"A bientot","Lim Young Woong",2024-12-21,25,61,album,FALSE,4.27,2024-12-20,1,continuing
"A bientot","Lim Young Woong",2024-12-22,25,61,album,FALSE,4.27,2024-12-21,1,continuing
"A bientot","Lim Young Woong",2024-12-23,25,61,album,FALSE,4.27,2024-12-22,1,continuing
"A bientot","Lim Young Woong",2024-12-24,29,60,album,FALSE,4.27,2024-12-23,1,continuing
"A bientot","Lim Young Woong",2024-12-25,33,60,album,FALSE,4.27,2024-12-24,1,continuing
"A bientot","Lim Young Woong",2024-12-26,33,60,album,FALSE,4.27,2024-12-25,1,continuing
"A bientot","Lim Young Woong",2024-12-27,30,60,album,FALSE,4.27,2024-12-26,1,continuing
"A bientot","Lim Young Woong",2024-12-28,23,58,album,FALSE,4.27,2024-12-27,1,continuing
"A bientot","Lim Young Woong",2024-12-29,24,59,album,FALSE,4.27,2024-12-28,1,continuing
"A bientot","Lim Young Woong",2024-12-30,25,59,album,FALSE,4.27,2024-12-29,1,continuing
"A bientot","Lim Young Woong",2024-12-31,26,59,album,FALSE,4.27,2024-12-30,1,continuing
"A bientot","Lim Young Woong",2025-01-01,25,59,album,FALSE,4.27,2024-12-31,1,continuing
"A bientot","Lim Young Woong",2025-01-02,25,59,album,FALSE,4.27,2025-01-01,1,continuing
"A bientot","Lim Young Woong",2025-01-03,26,60,album,FALSE,4.27,2025-01-02,1,continuing
"A bientot","Lim Young Woong",2025-01-04,27,60,album,FALSE,4.27,2025-01-03,1,continuing
"A bientot","Lim Young Woong",2025-01-05,25,60,album,FALSE,4.27,2025-01-04,1,continuing
"A bientot","Lim Young Woong",2025-01-06,30,61,album,FALSE,4.27,2025-01-05,1,continuing
"A bientot","Lim Young Woong",2025-01-07,27,61,album,FALSE,4.27,2025-01-06,1,continuing
"A bientot","Lim Young Woong",2025-01-08,27,61,album,FALSE,4.27,2025-01-07,1,continuing
"A bientot","Lim Young Woong",2025-01-09,27,61,album,FALSE,4.27,2025-01-08,1,continuing
"A bientot","Lim Young Woong",2025-01-10,27,61,album,FALSE,4.27,2025-01-09,1,continuing
"A bientot","Lim Young Woong",2025-01-11,23,61,album,FALSE,4.27,2025-01-10,1,continuing
"A bientot","Lim Young Woong",2025-01-12,26,61,album,FALSE,4.27,2025-01-11,1,continuing
"A bientot","Lim Young Woong",2025-01-13,24,61,album,FALSE,4.27,2025-01-12,1,continuing
"A bientot","Lim Young Woong",2025-01-14,28,61,album,FALSE,4.27,2025-01-13,1,continuing
"A bientot","Lim Young Woong",2025-01-15,28,61,album,FALSE,4.27,2025-01-14,1,continuing
"A bientot","Lim Young Woong",2025-01-16,28,61,album,FALSE,4.27,2025-01-15,1,continuing
"A bientot","Lim Young Woong",2025-01-17,29,61,album,FALSE,4.27,2025-01-16,1,continuing
"A bientot","Lim Young Woong",2025-01-18,29,61,album,FALSE,4.27,2025-01-17,1,continuing
"A bientot","Lim Young Woong",2025-01-19,26,61,album,FALSE,4.27,2025-01-18,1,continuing
"A bientot","Lim Young Woong",2025-01-20,26,61,album,FALSE,4.27,2025-01-19,1,continuing
"A bientot","Lim Young Woong",2025-01-21,32,61,album,FALSE,4.27,2025-01-20,1,continuing
"A bientot","Lim Young Woong",2025-01-22,32,61,album,FALSE,4.27,2025-01-21,1,continuing
"A bientot","Lim Young Woong",2025-01-23,32,61,album,FALSE,4.27,2025-01-22,1,continuing
"A bientot","Lim Young Woong",2025-01-24,32,61,album,FALSE,4.27,2025-01-23,1,continuing
"A bientot","Lim Young Woong",2025-01-25,28,60,album,FALSE,4.27,2025-01-24,1,continuing
"A bientot","Lim Young Woong",2025-01-26,30,60,album,FALSE,4.27,2025-01-25,1,continuing
"A bientot","Lim Young Woong",2025-01-27,31,60,album,FALSE,4.27,2025-01-26,1,continuing
"A bientot","Lim Young Woong",2025-01-28,29,60,album,FALSE,4.27,2025-01-27,1,continuing
"A bientot","Lim Young Woong",2025-01-29,29,60,album,FALSE,4.27,2025-01-28,1,continuing
"A bientot","Lim Young Woong",2025-01-30,28,60,album,FALSE,4.27,2025-01-29,1,continuing
"A bientot","Lim Young Woong",2025-01-31,31,60,album,FALSE,4.27,2025-01-30,1,continuing
"A bientot","Lim Young Woong",2025-02-01,27,60,album,FALSE,4.27,2025-01-31,1,continuing
"A bientot","Lim Young Woong",2025-02-02,28,60,album,FALSE,4.27,2025-02-01,1,continuing
"A bientot","Lim Young Woong",2025-02-03,28,60,album,FALSE,4.27,2025-02-02,1,continuing
"A bientot","Lim Young Woong",2025-02-04,32,60,album,FALSE,4.27,2025-02-03,1,continuing
"A bientot","Lim Young Woong",2025-02-05,28,60,album,FALSE,4.27,2025-02-04,1,continuing
"A bientot","Lim Young Woong",2025-02-06,28,60,album,FALSE,4.27,2025-02-05,1,continuing
"A bientot","Lim Young Woong",2025-02-07,27,60,album,FALSE,4.27,2025-02-06,1,continuing
"A bientot","Lim Young Woong",2025-02-08,27,60,album,FALSE,4.27,2025-02-07,1,continuing
"A bientot","Lim Young Woong",2025-02-09,32,60,album,FALSE,4.27,2025-02-08,1,continuing
"A bientot","Lim Young Woong",2025-02-10,39,60,album,FALSE,4.27,2025-02-09,1,continuing
"A bientot","Lim Young Woong",2025-02-11,33,60,album,FALSE,4.27,2025-02-10,1,continuing
"A bientot","Lim Young Woong",2025-02-12,33,60,album,FALSE,4.27,2025-02-11,1,continuing
"A bientot","Lim Young Woong",2025-02-13,38,60,album,FALSE,4.27,2025-02-12,1,continuing
"A bientot","Lim Young Woong",2025-02-14,36,60,album,FALSE,4.27,2025-02-13,1,continuing
"A bientot","Lim Young Woong",2025-02-15,39,60,album,FALSE,4.27,2025-02-14,1,continuing
"A bientot","Lim Young Woong",2025-02-16,43,60,album,FALSE,4.27,2025-02-15,1,continuing
"A bientot","Lim Young Woong",2025-02-17,41,60,album,FALSE,4.27,2025-02-16,1,continuing
"A bientot","Lim Young Woong",2025-02-18,35,60,album,FALSE,4.27,2025-02-17,1,continuing
"A bientot","Lim Young Woong",2025-02-19,32,60,album,FALSE,4.27,2025-02-18,1,continuing
"A bientot","Lim Young Woong",2025-02-20,32,60,album,FALSE,4.27,2025-02-19,1,continuing
"A bientot","Lim Young Woong",2025-02-21,36,60,album,FALSE,4.27,2025-02-20,1,continuing
"A bientot","Lim Young Woong",2025-02-22,37,60,album,FALSE,4.27,2025-02-21,1,continuing
"A bientot","Lim Young Woong",2025-02-23,39,60,album,FALSE,4.27,2025-02-22,1,continuing
"A bientot","Lim Young Woong",2025-02-24,43,60,album,FALSE,4.27,2025-02-23,1,continuing
"A bientot","Lim Young Woong",2025-02-25,45,60,album,FALSE,4.27,2025-02-24,1,continuing
"A bientot","Lim Young Woong",2025-02-26,35,60,album,FALSE,4.27,2025-02-25,1,continuing
"A bientot","Lim Young Woong",2025-02-27,35,60,album,FALSE,4.27,2025-02-26,1,continuing
"A bientot","Lim Young Woong",2025-02-28,41,60,album,FALSE,4.27,2025-02-27,1,continuing
"A bientot","Lim Young Woong",2025-03-01,43,59,album,FALSE,4.27,2025-02-28,1,continuing
"A bientot","Lim Young Woong",2025-03-01,47,60,album,FALSE,4.27,2025-03-01,0,continuing
"A bientot","Lim Young Woong",2025-03-02,40,59,album,FALSE,4.27,2025-03-01,1,continuing
"A bientot","Lim Young Woong",2025-03-03,41,59,album,FALSE,4.27,2025-03-02,1,continuing
"A bientot","Lim Young Woong",2025-03-04,38,59,album,FALSE,4.27,2025-03-03,1,continuing
"A bientot","Lim Young Woong",2025-03-05,38,59,album,FALSE,4.27,2025-03-04,1,continuing
"A bientot","Lim Young Woong",2025-03-06,38,58,album,FALSE,4.27,2025-03-05,1,continuing
"A bientot","Lim Young Woong",2025-03-07,38,58,album,FALSE,4.27,2025-03-06,1,continuing
"A bientot","Lim Young Woong",2025-03-08,39,58,album,FALSE,4.27,2025-03-07,1,continuing
"A bientot","Lim Young Woong",2025-03-09,38,58,album,FALSE,4.27,2025-03-08,1,continuing
"A bientot","Lim Young Woong",2025-03-10,40,58,album,FALSE,4.27,2025-03-09,1,continuing
"A bientot","Lim Young Woong",2025-03-11,41,58,album,FALSE,4.27,2025-03-10,1,continuing
"A bientot","Lim Young Woong",2025-03-12,41,58,album,FALSE,4.27,2025-03-11,1,continuing
"A bientot","Lim Young Woong",2025-03-13,39,58,album,FALSE,4.27,2025-03-12,1,continuing
"A bientot","Lim Young Woong",2025-03-15,38,57,album,FALSE,4.27,2025-03-13,2,reentry
"A bientot","Lim Young Woong",2025-03-16,38,57,album,FALSE,4.27,2025-03-15,1,continuing
"A bientot","Lim Young Woong",2025-03-17,43,57,album,FALSE,4.27,2025-03-16,1,continuing
"A bientot","Lim Young Woong",2025-03-18,45,57,album,FALSE,4.27,2025-03-17,1,continuing
"A bientot","Lim Young Woong",2025-03-19,45,57,album,FALSE,4.27,2025-03-18,1,continuing
"A bientot","Lim Young Woong",2025-03-20,43,57,album,FALSE,4.27,2025-03-19,1,continuing
"A bientot","Lim Young Woong",2025-03-21,42,57,album,FALSE,4.27,2025-03-20,1,continuing
"A bientot","Lim Young Woong",2025-03-22,40,57,album,FALSE,4.27,2025-03-21,1,continuing
"A bientot","Lim Young Woong",2025-03-23,41,57,album,FALSE,4.27,2025-03-22,1,continuing
"A bientot","Lim Young Woong",2025-03-24,40,57,album,FALSE,4.27,2025-03-23,1,continuing
"A bientot","Lim Young Woong",2025-03-26,38,56,album,FALSE,4.27,2025-03-24,2,reentry
"A bientot","Lim Young Woong",2025-03-27,39,56,album,FALSE,4.27,2025-03-26,1,continuing
"A bientot","Lim Young Woong",2025-03-28,41,56,album,FALSE,4.27,2025-03-27,1,continuing
"A bientot","Lim Young Woong",2025-03-29,44,56,album,FALSE,4.27,2025-03-28,1,continuing
"A bientot","Lim Young Woong",2025-03-30,44,56,album,FALSE,4.27,2025-03-29,1,continuing
"A bientot","Lim Young Woong",2025-03-31,48,56,album,FALSE,4.27,2025-03-30,1,continuing
"A bientot","Lim Young Woong",2025-04-01,45,56,album,FALSE,4.27,2025-03-31,1,continuing
"A bientot","Lim Young Woong",2025-04-02,45,56,album,FALSE,4.27,2025-04-01,1,continuing
"A bientot","Lim Young Woong",2025-04-03,47,56,album,FALSE,4.27,2025-04-02,1,continuing
"A bientot","Lim Young Woong",2025-04-05,46,56,album,FALSE,4.27,2025-04-03,2,reentry
"A bientot","Lim Young Woong",2025-04-06,50,56,album,FALSE,4.27,2025-04-05,1,continuing
"A bientot","Lim Young Woong",2025-04-07,45,56,album,FALSE,4.27,2025-04-06,1,continuing
"A bientot","Lim Young Woong",2025-04-08,43,56,album,FALSE,4.27,2025-04-07,1,continuing
"A bientot","Lim Young Woong",2025-04-09,41,56,album,FALSE,4.27,2025-04-08,1,continuing
"A bientot","Lim Young Woong",2025-04-10,43,56,album,FALSE,4.27,2025-04-09,1,continuing
"A bientot","Lim Young Woong",2025-04-11,42,56,album,FALSE,4.27,2025-04-10,1,continuing
"A bientot","Lim Young Woong",2025-04-12,44,56,album,FALSE,4.27,2025-04-11,1,continuing
"A bientot","Lim Young Woong",2025-04-13,45,56,album,FALSE,4.27,2025-04-12,1,continuing
"A bientot","Lim Young Woong",2025-04-14,46,56,album,FALSE,4.27,2025-04-13,1,continuing
"A bientot","Lim Young Woong",2025-04-15,46,56,album,FALSE,4.27,2025-04-14,1,continuing
"A bientot","Lim Young Woong",2025-04-16,42,56,album,FALSE,4.27,2025-04-15,1,continuing
"A bientot","Lim Young Woong",2025-04-17,40,56,album,FALSE,4.27,2025-04-16,1,continuing
"A bientot","Lim Young Woong",2025-04-19,43,56,album,FALSE,4.27,2025-04-17,2,reentry
"A bientot","Lim Young Woong",2025-04-20,43,57,album,FALSE,4.27,2025-04-19,1,continuing
"A bientot","Lim Young Woong",2025-04-21,49,57,album,FALSE,4.27,2025-04-20,1,continuing
"A bientot","Lim Young Woong",2025-04-22,49,57,album,FALSE,4.27,2025-04-21,1,continuing
"A bientot","Lim Young Woong",2025-04-24,49,56,album,FALSE,4.27,2025-04-22,2,reentry
"A bientot","Lim Young Woong",2025-04-25,46,56,album,FALSE,4.27,2025-04-24,1,continuing
"A bientot","Lim Young Woong",2025-04-26,48,56,album,FALSE,4.27,2025-04-25,1,continuing
"A bientot","Lim Young Woong",2025-05-07,43,55,album,FALSE,4.27,2025-04-26,11,reentry
"A bientot","Lim Young Woong",2025-06-24,45,51,album,FALSE,4.27,2025-05-07,48,reentry
"A bientot","Lim Young Woong",2025-06-25,45,51,album,FALSE,4.27,2025-06-24,1,continuing
"A bientot","Lim Young Woong",2025-07-18,48,55,album,FALSE,4.27,2025-06-25,23,reentry
"A bientot","Lim Young Woong",2025-07-19,49,55,album,FALSE,4.27,2025-07-18,1,continuing
"A bientot","Lim Young Woong",2025-07-20,48,55,album,FALSE,4.27,2025-07-19,1,continuing
"A Psalm of Life","Lim Young Woong",2024-06-06,50,56,album,FALSE,3.89,NULL,NULL,first_entry
"A Psalm of Life","Lim Young Woong",2024-10-16,50,57,album,FALSE,3.89,2024-06-06,132,reentry
"A Psalm of Life","Lim Young Woong",2024-10-19,49,57,album,FALSE,3.89,2024-10-16,3,reentry
"A Psalm of Life","Lim Young Woong",2024-10-21,45,57,album,FALSE,3.89,2024-10-19,2,reentry
"A Psalm of Life","Lim Young Woong",2024-10-22,44,57,album,FALSE,3.89,2024-10-21,1,continuing
"A Psalm of Life","Lim Young Woong",2024-10-23,42,57,album,FALSE,3.89,2024-10-22,1,continuing
"A Psalm of Life","Lim Young Woong",2024-10-24,39,58,album,FALSE,3.89,2024-10-23,1,continuing
"A Psalm of Life","Lim Young Woong",2024-10-25,39,58,album,FALSE,3.89,2024-10-24,1,continuing
"A Psalm of Life","Lim Young Woong",2024-10-26,42,58,album,FALSE,3.89,2024-10-25,1,continuing
"A Psalm of Life","Lim Young Woong",2024-10-27,43,58,album,FALSE,3.89,2024-10-26,1,continuing
"A Psalm of Life","Lim Young Woong",2024-10-28,43,58,album,FALSE,3.89,2024-10-27,1,continuing
"A Psalm of Life","Lim Young Woong",2024-10-29,44,58,album,FALSE,3.89,2024-10-28,1,continuing
"A Psalm of Life","Lim Young Woong",2024-10-30,42,58,album,FALSE,3.89,2024-10-29,1,continuing
"A Psalm of Life","Lim Young Woong",2024-10-31,39,58,album,FALSE,3.89,2024-10-30,1,continuing
"A Psalm of Life","Lim Young Woong",2024-11-01,36,58,album,FALSE,3.89,2024-10-31,1,continuing
"A Psalm of Life","Lim Young Woong",2024-11-02,34,58,album,FALSE,3.89,2024-11-01,1,continuing
"A Psalm of Life","Lim Young Woong",2024-11-03,38,58,album,FALSE,3.89,2024-11-02,1,continuing
"A Psalm of Life","Lim Young Woong",2024-11-04,39,59,album,FALSE,3.89,2024-11-03,1,continuing
"A Psalm of Life","Lim Young Woong",2024-11-05,42,59,album,FALSE,3.89,2024-11-04,1,continuing
"A Psalm of Life","Lim Young Woong",2024-11-06,42,59,album,FALSE,3.89,2024-11-05,1,continuing
"A Psalm of Life","Lim Young Woong",2024-11-07,38,59,album,FALSE,3.89,2024-11-06,1,continuing
"A Psalm of Life","Lim Young Woong",2024-11-08,41,59,album,FALSE,3.89,2024-11-07,1,continuing
"A Psalm of Life","Lim Young Woong",2024-11-09,37,59,album,FALSE,3.89,2024-11-08,1,continuing
"A Psalm of Life","Lim Young Woong",2024-11-10,38,59,album,FALSE,3.89,2024-11-09,1,continuing
"A Psalm of Life","Lim Young Woong",2024-11-11,35,59,album,FALSE,3.89,2024-11-10,1,continuing
"A Psalm of Life","Lim Young Woong",2024-11-12,33,59,album,FALSE,3.89,2024-11-11,1,continuing
"A Psalm of Life","Lim Young Woong",2024-11-13,31,59,album,FALSE,3.89,2024-11-12,1,continuing
"A Psalm of Life","Lim Young Woong",2024-11-14,31,59,album,FALSE,3.89,2024-11-13,1,continuing
"A Psalm of Life","Lim Young Woong",2024-11-15,33,59,album,FALSE,3.89,2024-11-14,1,continuing
"A Psalm of Life","Lim Young Woong",2024-11-16,31,60,album,FALSE,3.89,2024-11-15,1,continuing
"A Psalm of Life","Lim Young Woong",2024-11-17,30,60,album,FALSE,3.89,2024-11-16,1,continuing
"A Psalm of Life","Lim Young Woong",2024-11-18,30,60,album,FALSE,3.89,2024-11-17,1,continuing
"A Psalm of Life","Lim Young Woong",2024-11-19,30,60,album,FALSE,3.89,2024-11-18,1,continuing
"A Psalm of Life","Lim Young Woong",2024-11-20,34,60,album,FALSE,3.89,2024-11-19,1,continuing
"A Psalm of Life","Lim Young Woong",2024-11-21,33,60,album,FALSE,3.89,2024-11-20,1,continuing
"A Psalm of Life","Lim Young Woong",2024-11-22,35,60,album,FALSE,3.89,2024-11-21,1,continuing
"A Psalm of Life","Lim Young Woong",2024-11-23,33,60,album,FALSE,3.89,2024-11-22,1,continuing
"A Psalm of Life","Lim Young Woong",2024-11-24,34,60,album,FALSE,3.89,2024-11-23,1,continuing
"A Psalm of Life","Lim Young Woong",2024-11-25,30,60,album,FALSE,3.89,2024-11-24,1,continuing
"A Psalm of Life","Lim Young Woong",2024-11-26,29,60,album,FALSE,3.89,2024-11-25,1,continuing
"A Psalm of Life","Lim Young Woong",2024-11-27,31,61,album,FALSE,3.89,2024-11-26,1,continuing
"A Psalm of Life","Lim Young Woong",2024-11-28,34,61,album,FALSE,3.89,2024-11-27,1,continuing
"A Psalm of Life","Lim Young Woong",2024-11-29,36,61,album,FALSE,3.89,2024-11-28,1,continuing
"A Psalm of Life","Lim Young Woong",2024-11-30,30,61,album,FALSE,3.89,2024-11-29,1,continuing
"A Psalm of Life","Lim Young Woong",2024-12-01,30,61,album,FALSE,3.89,2024-11-30,1,continuing
"A Psalm of Life","Lim Young Woong",2024-12-02,26,61,album,FALSE,3.89,2024-12-01,1,continuing
"A Psalm of Life","Lim Young Woong",2024-12-03,25,61,album,FALSE,3.89,2024-12-02,1,continuing
"A Psalm of Life","Lim Young Woong",2024-12-04,27,61,album,FALSE,3.89,2024-12-03,1,continuing
"A Psalm of Life","Lim Young Woong",2024-12-05,26,61,album,FALSE,3.89,2024-12-04,1,continuing
"A Psalm of Life","Lim Young Woong",2024-12-06,26,61,album,FALSE,3.89,2024-12-05,1,continuing
"A Psalm of Life","Lim Young Woong",2024-12-07,26,61,album,FALSE,3.89,2024-12-06,1,continuing
"A Psalm of Life","Lim Young Woong",2024-12-08,27,61,album,FALSE,3.89,2024-12-07,1,continuing
"A Psalm of Life","Lim Young Woong",2024-12-09,29,61,album,FALSE,3.89,2024-12-08,1,continuing
"A Psalm of Life","Lim Young Woong",2024-12-10,32,61,album,FALSE,3.89,2024-12-09,1,continuing
"A Psalm of Life","Lim Young Woong",2024-12-11,34,61,album,FALSE,3.89,2024-12-10,1,continuing
"A Psalm of Life","Lim Young Woong",2024-12-12,37,61,album,FALSE,3.89,2024-12-11,1,continuing
"A Psalm of Life","Lim Young Woong",2024-12-13,33,61,album,FALSE,3.89,2024-12-12,1,continuing
"A Psalm of Life","Lim Young Woong",2024-12-14,33,61,album,FALSE,3.89,2024-12-13,1,continuing
"A Psalm of Life","Lim Young Woong",2024-12-15,33,61,album,FALSE,3.89,2024-12-14,1,continuing
"A Psalm of Life","Lim Young Woong",2024-12-16,32,61,album,FALSE,3.89,2024-12-15,1,continuing
"A Psalm of Life","Lim Young Woong",2024-12-17,39,61,album,FALSE,3.89,2024-12-16,1,continuing
"A Psalm of Life","Lim Young Woong",2024-12-18,39,60,album,FALSE,3.89,2024-12-17,1,continuing
"A Psalm of Life","Lim Young Woong",2024-12-19,34,60,album,FALSE,3.89,2024-12-18,1,continuing
"A Psalm of Life","Lim Young Woong",2024-12-20,34,60,album,FALSE,3.89,2024-12-19,1,continuing
"A Psalm of Life","Lim Young Woong",2024-12-21,40,60,album,FALSE,3.89,2024-12-20,1,continuing
"A Psalm of Life","Lim Young Woong",2024-12-22,39,60,album,FALSE,3.89,2024-12-21,1,continuing
"A Psalm of Life","Lim Young Woong",2024-12-23,36,59,album,FALSE,3.89,2024-12-22,1,continuing
"A Psalm of Life","Lim Young Woong",2024-12-24,40,59,album,FALSE,3.89,2024-12-23,1,continuing
"A Psalm of Life","Lim Young Woong",2024-12-25,42,58,album,FALSE,3.89,2024-12-24,1,continuing
"A Psalm of Life","Lim Young Woong",2024-12-26,42,58,album,FALSE,3.89,2024-12-25,1,continuing
"A Psalm of Life","Lim Young Woong",2024-12-27,43,58,album,FALSE,3.89,2024-12-26,1,continuing
"A Psalm of Life","Lim Young Woong",2024-12-28,32,57,album,FALSE,3.89,2024-12-27,1,continuing
"A Psalm of Life","Lim Young Woong",2024-12-29,33,57,album,FALSE,3.89,2024-12-28,1,continuing
"A Psalm of Life","Lim Young Woong",2024-12-30,30,57,album,FALSE,3.89,2024-12-29,1,continuing
"A Psalm of Life","Lim Young Woong",2024-12-31,33,58,album,FALSE,3.89,2024-12-30,1,continuing
"A Psalm of Life","Lim Young Woong",2025-01-01,32,58,album,FALSE,3.89,2024-12-31,1,continuing
"A Psalm of Life","Lim Young Woong",2025-01-02,32,58,album,FALSE,3.89,2025-01-01,1,continuing
"A Psalm of Life","Lim Young Woong",2025-01-03,32,58,album,FALSE,3.89,2025-01-02,1,continuing
"A Psalm of Life","Lim Young Woong",2025-01-04,33,58,album,FALSE,3.89,2025-01-03,1,continuing
"A Psalm of Life","Lim Young Woong",2025-01-05,37,59,album,FALSE,3.89,2025-01-04,1,continuing
"A Psalm of Life","Lim Young Woong",2025-01-06,38,59,album,FALSE,3.89,2025-01-05,1,continuing
"A Psalm of Life","Lim Young Woong",2025-01-07,36,59,album,FALSE,3.89,2025-01-06,1,continuing
"A Psalm of Life","Lim Young Woong",2025-01-08,36,60,album,FALSE,3.89,2025-01-07,1,continuing
"A Psalm of Life","Lim Young Woong",2025-01-09,35,60,album,FALSE,3.89,2025-01-08,1,continuing
"A Psalm of Life","Lim Young Woong",2025-01-10,35,60,album,FALSE,3.89,2025-01-09,1,continuing
"A Psalm of Life","Lim Young Woong",2025-01-11,33,60,album,FALSE,3.89,2025-01-10,1,continuing
"A Psalm of Life","Lim Young Woong",2025-01-12,34,60,album,FALSE,3.89,2025-01-11,1,continuing
"A Psalm of Life","Lim Young Woong",2025-01-13,34,60,album,FALSE,3.89,2025-01-12,1,continuing
"A Psalm of Life","Lim Young Woong",2025-01-14,34,60,album,FALSE,3.89,2025-01-13,1,continuing
"A Psalm of Life","Lim Young Woong",2025-01-15,34,60,album,FALSE,3.89,2025-01-14,1,continuing
"A Psalm of Life","Lim Young Woong",2025-01-16,36,60,album,FALSE,3.89,2025-01-15,1,continuing
"A Psalm of Life","Lim Young Woong",2025-01-17,38,59,album,FALSE,3.89,2025-01-16,1,continuing
"A Psalm of Life","Lim Young Woong",2025-01-18,39,59,album,FALSE,3.89,2025-01-17,1,continuing
"A Psalm of Life","Lim Young Woong",2025-01-19,36,59,album,FALSE,3.89,2025-01-18,1,continuing
"A Psalm of Life","Lim Young Woong",2025-01-20,37,59,album,FALSE,3.89,2025-01-19,1,continuing
"A Psalm of Life","Lim Young Woong",2025-01-21,47,59,album,FALSE,3.89,2025-01-20,1,continuing
"A Psalm of Life","Lim Young Woong",2025-01-22,38,59,album,FALSE,3.89,2025-01-21,1,continuing
"A Psalm of Life","Lim Young Woong",2025-01-23,44,59,album,FALSE,3.89,2025-01-22,1,continuing
"A Psalm of Life","Lim Young Woong",2025-01-24,40,59,album,FALSE,3.89,2025-01-23,1,continuing
"A Psalm of Life","Lim Young Woong",2025-01-25,37,59,album,FALSE,3.89,2025-01-24,1,continuing
"A Psalm of Life","Lim Young Woong",2025-01-26,40,59,album,FALSE,3.89,2025-01-25,1,continuing
"A Psalm of Life","Lim Young Woong",2025-01-27,38,59,album,FALSE,3.89,2025-01-26,1,continuing
"A Psalm of Life","Lim Young Woong",2025-01-28,37,59,album,FALSE,3.89,2025-01-27,1,continuing
"A Psalm of Life","Lim Young Woong",2025-01-29,37,59,album,FALSE,3.89,2025-01-28,1,continuing
"A Psalm of Life","Lim Young Woong",2025-01-30,37,59,album,FALSE,3.89,2025-01-29,1,continuing
"A Psalm of Life","Lim Young Woong",2025-01-31,41,59,album,FALSE,3.89,2025-01-30,1,continuing
"A Psalm of Life","Lim Young Woong",2025-02-01,41,59,album,FALSE,3.89,2025-01-31,1,continuing
"A Psalm of Life","Lim Young Woong",2025-02-02,39,59,album,FALSE,3.89,2025-02-01,1,continuing
"A Psalm of Life","Lim Young Woong",2025-02-03,39,59,album,FALSE,3.89,2025-02-02,1,continuing
"A Psalm of Life","Lim Young Woong",2025-02-04,41,59,album,FALSE,3.89,2025-02-03,1,continuing
"A Psalm of Life","Lim Young Woong",2025-02-05,40,59,album,FALSE,3.89,2025-02-04,1,continuing
"A Psalm of Life","Lim Young Woong",2025-02-06,40,59,album,FALSE,3.89,2025-02-05,1,continuing
"A Psalm of Life","Lim Young Woong",2025-02-07,40,59,album,FALSE,3.89,2025-02-06,1,continuing
"A Psalm of Life","Lim Young Woong",2025-02-08,40,59,album,FALSE,3.89,2025-02-07,1,continuing
"A Psalm of Life","Lim Young Woong",2025-02-09,45,59,album,FALSE,3.89,2025-02-08,1,continuing
"A Psalm of Life","Lim Young Woong",2025-02-11,49,58,album,FALSE,3.89,2025-02-09,2,reentry
"A Psalm of Life","Lim Young Woong",2025-02-12,50,58,album,FALSE,3.89,2025-02-11,1,continuing
"A Psalm of Life","Lim Young Woong",2025-02-19,45,58,album,FALSE,3.89,2025-02-12,7,reentry
"A Psalm of Life","Lim Young Woong",2025-02-20,45,58,album,FALSE,3.89,2025-02-19,1,continuing
"A Psalm of Life","Lim Young Woong",2025-02-26,46,58,album,FALSE,3.89,2025-02-20,6,reentry
"A Psalm of Life","Lim Young Woong",2025-02-27,46,58,album,FALSE,3.89,2025-02-26,1,continuing
"A Yo (Feat. Beenzino)","E SENS",2024-07-15,35,38,album,FALSE,3.87,NULL,NULL,first_entry
ABCD,NAYEON,2025-06-17,32,45,album,FALSE,2.71,NULL,NULL,first_entry
ABCD,NAYEON,2025-06-18,26,49,album,FALSE,2.71,2025-06-17,1,continuing
ABCD,NAYEON,2025-06-19,26,49,album,FALSE,2.71,2025-06-18,1,continuing
ABCD,NAYEON,2025-06-20,26,53,album,FALSE,2.71,2025-06-19,1,continuing
ABCD,NAYEON,2025-06-21,27,54,album,FALSE,2.71,2025-06-20,1,continuing
ABCD,NAYEON,2025-06-22,31,56,album,FALSE,2.71,2025-06-21,1,continuing
ABCD,NAYEON,2025-06-23,31,57,album,FALSE,2.71,2025-06-22,1,continuing
ABCD,NAYEON,2025-06-24,31,57,album,FALSE,2.71,2025-06-23,1,continuing
ABCD,NAYEON,2025-06-25,31,59,album,FALSE,2.71,2025-06-24,1,continuing
ABCD,NAYEON,2025-06-26,32,60,album,FALSE,2.71,2025-06-25,1,continuing
ABCD,NAYEON,2025-06-27,31,61,album,FALSE,2.71,2025-06-26,1,continuing
ABCD,NAYEON,2025-06-28,30,62,album,FALSE,2.71,2025-06-27,1,continuing
ABCD,NAYEON,2025-06-29,31,63,album,FALSE,2.71,2025-06-28,1,continuing
ABCD,NAYEON,2025-06-30,40,63,album,FALSE,2.71,2025-06-29,1,continuing
ABCD,NAYEON,2025-07-01,39,64,album,FALSE,2.71,2025-06-30,1,continuing
ABCD,NAYEON,2025-07-02,37,65,album,FALSE,2.71,2025-07-01,1,continuing
ABCD,NAYEON,2025-07-03,37,65,album,FALSE,2.71,2025-07-02,1,continuing
ABCD,NAYEON,2025-07-04,40,66,album,FALSE,2.71,2025-07-03,1,continuing
ABCD,NAYEON,2025-07-05,40,66,album,FALSE,2.71,2025-07-04,1,continuing
ABCD,NAYEON,2025-07-06,44,67,album,FALSE,2.71,2025-07-05,1,continuing
ABCD,NAYEON,2025-07-07,45,67,album,FALSE,2.71,2025-07-06,1,continuing
ABCD,NAYEON,2025-07-08,47,67,album,FALSE,2.71,2025-07-07,1,continuing
ABCD,NAYEON,2025-07-09,47,67,album,FALSE,2.71,2025-07-08,1,continuing
ABCD,NAYEON,2025-07-10,48,67,album,FALSE,2.71,2025-07-09,1,continuing
ABCD,NAYEON,2025-07-12,44,67,album,FALSE,2.71,2025-07-10,2,reentry
ABCD,NAYEON,2025-07-13,44,67,album,FALSE,2.71,2025-07-12,1,continuing
Accendio,IVE,2025-05-24,49,59,single,FALSE,3.20,NULL,NULL,first_entry
Accendio,IVE,2025-05-25,49,60,single,FALSE,3.20,2025-05-24,1,continuing
"After LIKE",IVE,2024-05-18,34,84,single,FALSE,2.95,NULL,NULL,first_entry
"After LIKE",IVE,2024-05-19,35,84,single,FALSE,2.95,2024-05-18,1,continuing
"After LIKE",IVE,2024-05-20,40,84,single,FALSE,2.95,2024-05-19,1,continuing
"After LIKE",IVE,2024-05-21,35,84,single,FALSE,2.95,2024-05-20,1,continuing
"After LIKE",IVE,2024-05-22,31,84,single,FALSE,2.95,2024-05-21,1,continuing
"After LIKE",IVE,2024-05-23,33,84,single,FALSE,2.95,2024-05-22,1,continuing
"After LIKE",IVE,2024-05-24,36,84,single,FALSE,2.95,2024-05-23,1,continuing
"After LIKE",IVE,2024-05-25,35,84,single,FALSE,2.95,2024-05-24,1,continuing
"After LIKE",IVE,2024-05-26,37,84,single,FALSE,2.95,2024-05-25,1,continuing
"After LIKE",IVE,2024-05-27,35,84,single,FALSE,2.95,2024-05-26,1,continuing
"After LIKE",IVE,2024-05-28,32,84,single,FALSE,2.95,2024-05-27,1,continuing
"After LIKE",IVE,2024-05-29,30,84,single,FALSE,2.95,2024-05-28,1,continuing
"After LIKE",IVE,2024-05-30,37,84,single,FALSE,2.95,2024-05-29,1,continuing
"After LIKE",IVE,2024-05-31,33,84,single,FALSE,2.95,2024-05-30,1,continuing
"After LIKE",IVE,2024-06-01,36,84,single,FALSE,2.95,2024-05-31,1,continuing
"After LIKE",IVE,2024-06-02,34,84,single,FALSE,2.95,2024-06-01,1,continuing
"After LIKE",IVE,2024-06-03,37,84,single,FALSE,2.95,2024-06-02,1,continuing
"After LIKE",IVE,2024-06-04,34,84,single,FALSE,2.95,2024-06-03,1,continuing
"After LIKE",IVE,2024-06-05,32,84,single,FALSE,2.95,2024-06-04,1,continuing
"After LIKE",IVE,2024-06-06,35,84,single,FALSE,2.95,2024-06-05,1,continuing
"After LIKE",IVE,2024-06-07,36,84,single,FALSE,2.95,2024-06-06,1,continuing
"After LIKE",IVE,2024-06-08,39,84,single,FALSE,2.95,2024-06-07,1,continuing
"After LIKE",IVE,2024-06-09,42,84,single,FALSE,2.95,2024-06-08,1,continuing
"After LIKE",IVE,2024-06-10,44,84,single,FALSE,2.95,2024-06-09,1,continuing
"After LIKE",IVE,2024-06-11,43,84,single,FALSE,2.95,2024-06-10,1,continuing
"After LIKE",IVE,2024-06-12,42,84,single,FALSE,2.95,2024-06-11,1,continuing
"After LIKE",IVE,2024-06-13,45,84,single,FALSE,2.95,2024-06-12,1,continuing
"After LIKE",IVE,2024-06-14,46,84,single,FALSE,2.95,2024-06-13,1,continuing
"After LIKE",IVE,2024-06-15,43,84,single,FALSE,2.95,2024-06-14,1,continuing
"After LIKE",IVE,2024-06-16,42,84,single,FALSE,2.95,2024-06-15,1,continuing
"After LIKE",IVE,2024-06-17,39,84,single,FALSE,2.95,2024-06-16,1,continuing
"After LIKE",IVE,2024-06-18,38,84,single,FALSE,2.95,2024-06-17,1,continuing
"After LIKE",IVE,2024-06-19,36,84,single,FALSE,2.95,2024-06-18,1,continuing
"After LIKE",IVE,2024-06-20,40,84,single,FALSE,2.95,2024-06-19,1,continuing
"After LIKE",IVE,2024-06-21,45,84,single,FALSE,2.95,2024-06-20,1,continuing
"After LIKE",IVE,2024-06-22,45,85,single,FALSE,2.95,2024-06-21,1,continuing
"After LIKE",IVE,2024-06-23,46,85,single,FALSE,2.95,2024-06-22,1,continuing
"After LIKE",IVE,2024-06-24,41,85,single,FALSE,2.95,2024-06-23,1,continuing
"After LIKE",IVE,2024-06-25,41,85,single,FALSE,2.95,2024-06-24,1,continuing
"After LIKE",IVE,2024-06-26,41,85,single,FALSE,2.95,2024-06-25,1,continuing
"After LIKE",IVE,2024-06-27,44,85,single,FALSE,2.95,2024-06-26,1,continuing
"After LIKE",IVE,2024-06-28,48,85,single,FALSE,2.95,2024-06-27,1,continuing
"After LIKE",IVE,2024-06-29,41,85,single,FALSE,2.95,2024-06-28,1,continuing
"After LIKE",IVE,2024-06-30,41,85,single,FALSE,2.95,2024-06-29,1,continuing
"After LIKE",IVE,2024-07-01,47,85,single,FALSE,2.95,2024-06-30,1,continuing
"After LIKE",IVE,2024-07-02,40,85,single,FALSE,2.95,2024-07-01,1,continuing
"After LIKE",IVE,2024-07-03,42,85,single,FALSE,2.95,2024-07-02,1,continuing
"After LIKE",IVE,2024-07-04,46,85,single,FALSE,2.95,2024-07-03,1,continuing
AK47,"Men's Tear & 뷰티풀너드",2025-03-01,25,39,single,FALSE,2.68,NULL,NULL,first_entry
AK47,"Men's Tear & 뷰티풀너드",2025-03-02,20,39,single,FALSE,2.68,2025-03-01,1,continuing
AK47,"Men's Tear & 뷰티풀너드",2025-03-03,23,46,single,FALSE,2.68,2025-03-02,1,continuing
AK47,"Men's Tear & 뷰티풀너드",2025-03-04,24,47,single,FALSE,2.68,2025-03-03,1,continuing
AK47,"Men's Tear & 뷰티풀너드",2025-03-05,24,48,single,FALSE,2.68,2025-03-04,1,continuing
AK47,"Men's Tear & 뷰티풀너드",2025-03-06,31,49,single,FALSE,2.68,2025-03-05,1,continuing
AK47,"Men's Tear & 뷰티풀너드",2025-03-07,31,49,single,FALSE,2.68,2025-03-06,1,continuing
AK47,"Men's Tear & 뷰티풀너드",2025-03-08,27,50,single,FALSE,2.68,2025-03-07,1,continuing
AK47,"Men's Tear & 뷰티풀너드",2025-03-09,26,50,single,FALSE,2.68,2025-03-08,1,continuing
AK47,"Men's Tear & 뷰티풀너드",2025-03-10,27,50,single,FALSE,2.68,2025-03-09,1,continuing
AK47,"Men's Tear & 뷰티풀너드",2025-03-11,29,51,single,FALSE,2.68,2025-03-10,1,continuing
AK47,"Men's Tear & 뷰티풀너드",2025-03-12,29,51,single,FALSE,2.68,2025-03-11,1,continuing
AK47,"Men's Tear & 뷰티풀너드",2025-03-13,32,51,single,FALSE,2.68,2025-03-12,1,continuing
AK47,"Men's Tear & 뷰티풀너드",2025-03-15,35,52,single,FALSE,2.68,2025-03-13,2,reentry
AK47,"Men's Tear & 뷰티풀너드",2025-03-16,34,52,single,FALSE,2.68,2025-03-15,1,continuing
AK47,"Men's Tear & 뷰티풀너드",2025-03-17,39,52,single,FALSE,2.68,2025-03-16,1,continuing
AK47,"Men's Tear & 뷰티풀너드",2025-03-18,37,52,single,FALSE,2.68,2025-03-17,1,continuing
AK47,"Men's Tear & 뷰티풀너드",2025-03-19,35,52,single,FALSE,2.68,2025-03-18,1,continuing
AK47,"Men's Tear & 뷰티풀너드",2025-03-20,45,52,single,FALSE,2.68,2025-03-19,1,continuing
AK47,"Men's Tear & 뷰티풀너드",2025-03-21,47,52,single,FALSE,2.68,2025-03-20,1,continuing
AK47,"Men's Tear & 뷰티풀너드",2025-03-22,44,52,single,FALSE,2.68,2025-03-21,1,continuing
AK47,"Men's Tear & 뷰티풀너드",2025-03-23,46,52,single,FALSE,2.68,2025-03-22,1,continuing
AK47,"Men's Tear & 뷰티풀너드",2025-03-24,43,52,single,FALSE,2.68,2025-03-23,1,continuing
AK47,"Men's Tear & 뷰티풀너드",2025-03-26,40,52,single,FALSE,2.68,2025-03-24,2,reentry
AK47,"Men's Tear & 뷰티풀너드",2025-03-27,46,52,single,FALSE,2.68,2025-03-26,1,continuing
"All I Want for Christmas Is You","Mariah Carey",2024-12-11,44,98,album,FALSE,4.02,NULL,NULL,first_entry
"All I Want for Christmas Is You","Mariah Carey",2024-12-17,24,99,album,FALSE,4.02,2024-12-11,6,reentry
"All I Want for Christmas Is You","Mariah Carey",2024-12-18,24,100,album,FALSE,4.02,2024-12-17,1,continuing
"All I Want for Christmas Is You","Mariah Carey",2024-12-19,35,100,album,FALSE,4.02,2024-12-18,1,continuing
"All I Want for Christmas Is You","Mariah Carey",2024-12-20,44,100,album,FALSE,4.02,2024-12-19,1,continuing
"All I Want for Christmas Is You","Mariah Carey",2024-12-21,37,100,album,FALSE,4.02,2024-12-20,1,continuing
"All I Want for Christmas Is You","Mariah Carey",2024-12-22,32,100,album,FALSE,4.02,2024-12-21,1,continuing
"All I Want for Christmas Is You","Mariah Carey",2024-12-23,29,100,album,FALSE,4.02,2024-12-22,1,continuing
"All I Want for Christmas Is You","Mariah Carey",2024-12-24,17,100,album,FALSE,4.02,2024-12-23,1,continuing
"All I Want for Christmas Is You","Mariah Carey",2024-12-25,9,100,album,FALSE,4.02,2024-12-24,1,continuing
"All I Want for Christmas Is You","Mariah Carey",2024-12-26,9,100,album,FALSE,4.02,2024-12-25,1,continuing
"All I Want for Christmas Is You","Mariah Carey",2024-12-27,10,100,album,FALSE,4.02,2024-12-26,1,continuing
"All Or Nothing","J Money & KingLee",2024-12-22,30,45,single,TRUE,2.86,NULL,NULL,first_entry
"All Or Nothing","J Money & KingLee",2025-01-17,26,52,single,TRUE,2.86,2024-12-22,26,reentry
"ALL RED","Playboi Carti",2025-09-15,13,81,single,TRUE,2.47,NULL,NULL,first_entry
