song,artist,album_type,is_explicit,total_days_on_chart,total_reentries,avg_gap_before_reentry,avg_popularity,avg_duration_min,reentry_frequency,fandom_intensity_score
1-800-hot-n-fun,LE SSERAFIM,single,False,8,0,0.0,71.125,2.89,0.0,27.29
24YB (Intro),YANGHONGWON,album,False,3,0,0.0,41.333333333333336,1.39,0.0,15.37
3D (Alternate Ver.),Jung Kook & Jack Harlow,album,False,18,0,0.0,66.83333333333333,2.71,0.0,28.79
3D (Alternate Ver.),Jung Kook & Jack Harlow,single,False,2,0,0.0,79.0,2.71,0.0,28.25
3D (Justin Timberlake Remix),Jung Kook & Justin Timberlake,single,False,6,1,6.0,60.833333333333336,2.68,5.0,23.44
3D (feat. Jack Harlow),Jung Kook,album,True,309,4,2.0,79.8284789644013,3.36,0.39,122.04
3D (feat. Jack Harlow),Jung Kook & Jack Harlow,album,True,108,0,0.0,86.1574074074074,3.36,0.0,62.56
3D (feat. Jack Harlow),Jung Kook & Jack Harlow,single,True,4,0,0.0,43.5,3.36,0.0,16.42
3D (feat. Jack Harlow) (Alternate Ver.),Jung Kook & Jack Harlow,single,False,2,0,0.0,0.0,2.71,0.0,0.6
3D (feat. Jack Harlow) (Instrumental),Jung Kook & Jack Harlow,album,False,7,1,4.0,59.0,3.3300000000000005,4.29,23.1
3D (feat. Jack Harlow) (Instrumental),Jung Kook & Jack Harlow,single,False,4,0,0.0,36.5,3.33,0.0,13.97
3D (feat. Jack Harlow) (MK Remix),Jung Kook & Jack Harlow & MK,single,True,4,0,0.0,30.0,3.1,0.0,11.7
990 (Feat. Kim Ximya),Beenzino,album,True,5,0,0.0,46.4,3.56,0.0,17.74
A Psalm of Life,Lim Young Woong,album,False,121,6,25.3,59.1900826446281,3.89,1.49,59.12
A Yo (Feat. Beenzino),E SENS,album,False,1,0,0.0,38.0,3.87,0.0,13.6
A bientot,Lim Young Woong,album,False,282,24,7.2,58.773049645390074,4.27,2.55,113.57
ABCD,NAYEON,album,False,26,1,2.0,60.88461538461539,2.71,1.15,29.46
AK47,Men's Tear & 뷰티풀너드,single,False,25,2,2.0,49.76,2.68,2.4,25.62
ALL RED,Playboi Carti,single,True,3,0,0.0,83.66666666666667,2.47,0.0,30.18
ANTIFRAGILE,LE SSERAFIM,album,False,50,1,13.0,77.4,3.07,0.6,42.44
APT.,ROSÉ & Bruno Mars,single,False,39,0,0.0,94.71794871794872,2.83,0.0,44.85
ASAP,NewJeans,single,False,44,0,0.0,85.1590909090909,2.24,0.0,43.01
Accendio,IVE,single,False,2,0,0.0,59.5,3.2,0.0,21.42
After LIKE,IVE,single,False,48,0,0.0,84.27083333333333,2.9500000000000006,0.0,43.89
All I Want for Christmas Is You,Mariah Carey,album,False,12,1,6.0,99.75,4.02,2.5,38.86
All Or Nothing,J Money & KingLee,single,True,2,1,26.0,48.5,2.86,15.0,17.92
Allergy,(G)I-DLE,single,False,25,0,0.0,75.48,2.71,0.0,33.92
Alone,Jimin,single,False,408,6,4.7,77.98529411764706,3.52,0.44,151.79
"Angel Pt. 1 (feat. Jimin of BTS, JVKE & Muni Long)",Fast & Furious: The Fast Saga,compilation,False,1,0,0.0,27.0,2.93,0.0,9.75
"Angel Pt. 1 (feat. Jimin of BTS, JVKE & Muni Long)",Fast & Furious: The Fast Saga & Jimin & BTS,single,False,217,0,0.0,82.07373271889401,2.93,0.0,93.83
"Angel Pt. 1 (feat. Jimin of BTS, JVKE & Muni Long) - Trailer Version",Fast & Furious: The Fast Saga & Jimin & BTS,single,False,87,4,37.0,71.55172413793103,1.05,1.38,52.54
"Angel Pt. 2 (feat. Jimin of BTS, Charlie Puth and Muni Long)",Fast & Furious: The Fast Saga & Jimin & BTS,single,False,65,3,26.3,73.12307692307692,2.94,1.38,46.14
Another Level,Jin,album,False,7,0,0.0,54.57142857142857,2.71,0.0,21.2
Another Level,Jin,single,False,4,0,0.0,72.0,2.71,0.0,26.4
Armageddon,aespa,album,False,178,5,2.0,74.16292134831461,3.2700000000000005,0.84,81.11
Armageddon,aespa & Grimes & Flava D,single,False,2,1,15.0,18.0,3.27,15.0,7.25
As You Wish,WJSN,single,False,2,0,0.0,52.5,3.26,0.0,18.98
Attention,NewJeans,single,False,151,10,26.7,82.33112582781457,3.0,1.99,77.62
Attention (250 Remix),NewJeans,album,False,1,0,0.0,58.0,3.02,0.0,20.6
BACK TO ME,Kanye West & Ty Dolla $ign,album,True,2,0,0.0,82.0,4.92,0.0,29.3
BAHAMA,aespa,album,False,1,0,0.0,56.0,3.18,0.0,19.9
BIRDS OF A FEATHER,Billie Eilish,album,False,185,3,2.0,97.48648648648648,3.5099999999999993,0.49,90.67
BURN,Kanye West & Ty Dolla $ign,album,True,1,0,0.0,80.0,1.86,0.0,28.3
"BY COLOR, WHITE COLOR (Feat. KOVV)",YANGHONGWON,album,False,3,0,0.0,39.333333333333336,3.27,0.0,14.67
Baddie,IVE,single,False,62,3,14.0,78.40322580645162,2.57,1.45,47.09
Baggy Jeans,NCT,album,False,24,1,7.0,61.291666666666664,3.52,1.25,29.0
Bam Yang Gang,BIBI,single,False,77,3,3.0,74.33766233766234,2.44,1.17,50.17
Be Mine,Jimin,album,False,129,1,2.0,80.11627906976744,3.46,0.23,67.09
Beautiful Things,Benson Boone,album,False,24,0,0.0,81.75,3.01,0.0,35.81
Beautiful Things,Benson Boone,single,False,62,4,2.0,98.41935483870968,3.01,1.94,54.45
Better Things,aespa,single,False,32,2,9.5,76.4375,3.39,1.88,37.05
Big Dawgs,Hanumankind & Kalmi,single,True,6,1,2.0,92.0,3.18,5.0,34.35
Bite Me,ENHYPEN,single,False,23,1,4.0,84.91304347826087,2.63,1.3,36.97
Bling-Bang-Bang-Born,Creepy Nuts,single,False,43,4,6.8,90.4186046511628,2.8,2.79,45.95
Blue,V,single,False,67,4,15.2,84.14925373134328,2.5,1.79,50.95
Boat,george,single,False,3,0,0.0,58.0,3.2000000000000006,0.0,21.2
Boom Boom Bass,RIIZE,album,False,95,4,2.0,65.33684210526316,2.55,1.26,52.77
"Boys Like Girls (Feat. Gist, Jayci yucca)",Leellamarz,album,False,5,0,0.0,26.2,2.44,0.0,10.67
Broken Melodies,NCT DREAM,album,False,2,1,20.0,56.0,3.77,15.0,20.55
Broken Melodies,NCT DREAM,single,False,10,0,0.0,68.7,3.7700000000000005,0.0,27.04
Bubble,STAYC,single,False,1,0,0.0,58.0,2.99,0.0,20.6
Bubble Gum,NewJeans,single,False,128,7,3.0,77.8984375,3.34,1.64,68.11
Bubble Gum (Instrumental),NewJeans,single,False,1,0,0.0,52.0,3.34,0.0,18.5
But Daddy I Love Him,Taylor Swift,album,True,2,0,0.0,81.0,5.67,0.0,28.95
But Sometimes,BOYNEXTDOOR,single,False,19,1,4.0,66.63157894736842,2.92,1.58,29.37
CARNIVAL,Kanye West & Ty Dolla $ign,album,True,3,0,0.0,85.66666666666667,4.41,0.0,30.88
CARNIVAL,¥$ & Kanye West & Ty Dolla $ign,album,True,13,3,7.3,87.07692307692308,4.41,6.92,35.43
CARNIVAL,¥$ & Kanye West & Ty Dolla $ign,single,True,1,0,0.0,0.0,4.41,0.0,0.3
CHIHIRO,Billie Eilish,album,False,4,1,4.0,83.5,5.06,7.5,30.78
CRAZY,LE SSERAFIM,album,False,80,1,2.0,77.3375,2.74,0.38,51.42
CRAZY,LE SSERAFIM,single,False,3,0,0.0,73.66666666666667,2.74,0.0,26.68
CROOKED,G-DRAGON,album,False,7,2,10.5,61.714285714285715,3.75,8.57,24.4
Camp,Beenzino,album,True,2,0,0.0,40.0,3.67,0.0,14.6
Candy (Feat. Zion.T),Jay Park,single,False,7,3,3.7,61.0,3.1,12.86,24.5
Chasing Lightning,LE SSERAFIM,single,False,1,0,0.0,60.0,3.42,0.0,21.3
Chasing That Feeling,TOMORROW X TOGETHER,album,False,5,0,0.0,45.0,3.04,0.0,17.25
Cheers to youth,SEVENTEEN,album,False,3,0,0.0,63.333333333333336,3.19,0.0,23.07
Chemical,Post Malone,single,True,1,0,0.0,91.0,3.07,0.0,32.15
Cherish (My Love),ILLIT,single,False,36,0,0.0,66.97222222222223,2.95,0.0,34.24
Chill Kill,Red Velvet,album,False,17,0,0.0,72.23529411764706,3.58,0.0,30.38
Chk Chk Boom,Stray Kids,album,False,17,1,4.0,64.23529411764706,2.47,1.76,27.93
Christmas Love,Jimin,single,False,29,14,12.8,69.72413793103448,3.3,14.48,38.0
Christmas Tree,V,single,False,72,1,9.0,83.20833333333333,3.5,0.42,51.07
Christmas Without You,Ava Max,single,False,3,0,0.0,85.0,2.82,0.0,30.65
Circles,Post Malone,album,False,2,0,0.0,89.0,3.59,0.0,31.75
Citi+,YANGHONGWON,single,False,1,0,0.0,40.0,2.53,0.0,14.3
Click Like (Prod. Crush) (Feat. Paul Blanco),Various Artists,single,False,4,1,4.0,56.75,2.77,7.5,21.41
Closer Than This,Jimin,album,False,129,1,2.0,74.30232558139535,3.72,0.23,65.06
Closer Than This,Jimin,single,False,207,3,2.0,84.70531400966183,3.72,0.43,92.8
Closer to You (feat. Major Lazer),Jung Kook,album,False,60,13,13.1,82.98333333333333,2.85,6.5,51.59
Coca Cola Red (Feat. oygli),Beenzino,album,True,5,0,0.0,46.0,3.34,0.0,17.6
Combo,RIIZE,album,False,2,0,0.0,38.0,3.66,0.0,13.9
Come back to me,RM,album,False,1,1,10.0,63.0,6.48,30.0,22.7
Come back to me,RM,single,False,5,0,0.0,74.4,6.480000000000001,0.0,27.54
Cool With You,NewJeans,single,False,86,1,4.0,86.96511627906976,2.46,0.35,56.59
Cosmic,Red Velvet,single,False,25,1,2.0,69.8,3.76,1.2,32.28
Crazier,LE SSERAFIM,single,False,1,0,0.0,61.0,2.98,0.0,21.65
Cream Soda,EXO,album,False,2,0,0.0,75.5,3.09,0.0,27.02
"Crime (Feat. Bek Hyunjin, 250)",Beenzino,album,True,2,0,0.0,40.0,3.6,0.0,14.6
Cruel Summer,Taylor Swift,album,False,251,16,13.1,97.41035856573706,2.97,1.91,114.99
Cupid,FIFTY FIFTY,single,False,52,1,5.0,87.76923076923077,2.8999999999999995,0.58,46.67
Cupid - Twin Ver.,FIFTY FIFTY,single,False,65,3,6.3,98.21538461538462,2.9,1.38,54.93
Cupido,Engel Montaz & Kuv507 & Latinnites Music,single,False,4,1,2.0,69.0,3.58,7.5,25.7
DASH,NMIXX,album,False,56,0,0.0,77.82142857142857,2.78,0.0,44.04
DELRESTO (ECHOES),Travis Scott,album,True,1,0,0.0,0.0,4.57,0.0,0.3
DIE 4 YOU,DEAN,single,False,28,0,0.0,71.57142857142857,3.23,0.0,33.45
DO IT,Kanye West & Ty Dolla $ign,album,True,1,0,0.0,78.0,3.75,0.0,27.6
DRIP,BABYMONSTER,album,False,24,0,0.0,76.25,3.01,0.0,33.89
Dance The Night (From Barbie The Album),Dua Lipa,single,False,18,3,18.3,95.33333333333333,2.94,5.0,39.82
Dancing In The Flames,The Weeknd,single,False,7,0,0.0,82.0,3.6699999999999995,0.0,30.8
Dangerous,BOYNEXTDOOR,album,False,5,0,0.0,55.8,2.4,0.0,21.03
Dangerous,BOYNEXTDOOR,single,False,7,0,0.0,61.57142857142857,2.4,0.0,23.65
Dangerously,Charlie Puth,album,False,28,4,5.2,52.82142857142857,3.32,4.29,28.29
Dare to Love (feat. BIG Naughty),B.I,album,False,8,1,3.0,63.75,2.93,3.75,25.06
"Darling, I (feat. Teezo Touchdown)","Tyler, The Creator",album,True,2,0,0.0,79.0,4.23,0.0,28.25
Deja Vu,TOMORROW X TOGETHER,album,False,28,0,0.0,82.21428571428571,2.86,0.0,37.17
Demon,$ecrecy,album,True,1,0,0.0,38.0,2.32,0.0,13.6
Deseydin Anlardım,EDES,single,False,2,0,0.0,1.0,2.51,0.0,0.95
Die With A Smile,Lady Gaga & Bruno Mars,single,False,103,0,0.0,96.80582524271844,4.19,0.0,64.78
Discord,QWER,single,False,5,1,3.0,58.4,2.8,6.0,22.29
Ditto,NewJeans,single,False,374,27,7.0,84.05882352941177,3.0899999999999994,2.17,151.07
Ditto (250 Remix),NewJeans,album,False,2,0,0.0,58.5,3.36,0.0,21.08
Do or Die,Lim Young Woong,single,False,390,7,3.4,65.70769230769231,3.42,0.54,142.45
Don't Look Back In Anger - Remastered,Oasis,album,False,2,1,2.0,77.5,4.83,15.0,28.08
Don't Look Back in Anger - Remastered,Oasis,album,False,5,2,2.0,73.6,4.83,12.0,27.96
Dopamine - GISELLE Solo,aespa,single,False,1,0,0.0,63.0,3.23,0.0,22.35
Dope As (Interlude),Beenzino,album,True,2,0,0.0,41.5,1.12,0.0,15.12
Down Bad,Taylor Swift,album,True,5,0,0.0,83.6,4.35,0.0,30.76
Drama,aespa,album,False,224,8,15.1,84.23214285714286,3.5800000000000005,1.07,99.48
Dreamers [Music from the FIFA World Cup Qatar 2022 Official Soundtrack],Jung Kook & BTS,single,False,161,4,7.5,84.7888198757764,3.3600000000000003,0.75,79.38
Drowning,WOODZ,single,False,7,2,2.5,60.285714285714285,4.08,8.57,23.9
EASY,LE SSERAFIM,single,False,142,10,6.1,84.33098591549296,2.74,2.11,75.62
ENGLAND,YANGHONGWON,album,False,4,0,0.0,42.0,2.57,0.0,15.9
ETA,NewJeans,single,False,341,18,8.3,83.40469208211144,2.52,1.58,137.79
"Earth, Wind & Fire",BOYNEXTDOOR,album,False,25,0,0.0,70.52,2.98,0.0,32.18
Either Way,IVE,single,False,38,0,0.0,76.86842105263158,2.78,0.0,38.3
Elevator,Lim Young Woong,single,False,6,3,6.7,55.333333333333336,3.4599999999999995,15.0,22.22
Espresso,Sabrina Carpenter,album,True,13,0,0.0,84.84615384615384,2.92,0.0,33.6
Espresso,Sabrina Carpenter,single,True,163,2,2.0,97.37423312883436,2.92,0.37,83.68
"Eve, Psyche & The Bluebeard’s wife",LE SSERAFIM,album,False,131,0,0.0,84.03053435114504,3.09,0.0,68.71
Even for a moment,Sung Si Kyung & Naul,single,False,1,0,0.0,0.0,4.89,0.0,0.3
Event Horizon,Younha,album,False,1,0,0.0,64.0,5.01,0.0,22.7
Every Moment With You,JAESSBEE,single,False,8,0,0.0,46.0,2.87,0.0,18.5
FE!N,Travis Scott,album,True,3,0,0.0,57.0,3.2000000000000006,0.0,20.85
FE!N (feat. Playboi Carti),Travis Scott,album,True,3,0,0.0,90.0,3.2000000000000006,0.0,32.4
FIELD TRIP,¥$ & Kanye West & Ty Dolla $ign,album,True,9,1,14.0,68.88888888888889,2.7744444444444443,3.33,27.16
FLOWER,JISOO,single,False,44,3,9.0,85.27272727272727,2.89,2.05,44.1
FOREVER,BABYMONSTER,single,False,7,0,0.0,58.285714285714285,3.55,0.0,22.5
FRI(END)S,V,single,False,120,6,2.3,89.825,2.47,1.5,69.54
FRI(END)S (Instrumental),V,single,False,8,0,0.0,72.375,2.47,0.0,27.73
FRI(END)S (Slowed Down),V,single,False,8,0,0.0,71.625,2.7,0.0,27.47
FRI(END)S (Sped Up),V,single,False,8,0,0.0,71.875,2.05,0.0,27.56
FRIED,¥$ & Kanye West & Ty Dolla $ign,album,True,3,0,0.0,47.333333333333336,2.99,0.0,17.47
FUK SUMN,Kanye West & Ty Dolla $ign,album,True,1,0,0.0,80.0,3.49,0.0,28.3
Face-off,Jimin,single,True,406,10,3.4,78.76354679802955,3.83,0.74,152.87
Fact Check,NCT 127,album,False,9,1,6.0,60.77777777777778,3.08,3.33,24.32
Falling,Jin,album,False,7,0,0.0,53.857142857142854,2.98,0.0,20.95
Falling,Jin,single,False,4,0,0.0,71.25,2.98,0.0,26.14
Fast Forward,JEON SOMI,single,False,76,0,0.0,73.1842105263158,2.68,0.0,48.41
Fate,(G)I-DLE,album,False,98,4,2.8,72.43877551020408,2.69,1.22,56.15
Father,Lim Young Woong,album,False,106,5,4.8,58.716981132075475,3.9699999999999998,1.42,54.1
Fighting (Feat. Lee Young Ji),BSS,single,False,18,1,4.0,78.0,3.41,1.67,33.05
Filter,BTS,album,False,7,3,98.7,74.42857142857143,3.0,12.86,29.2
"Flights, Not Feelings",aespa,single,False,2,0,0.0,53.0,3.03,0.0,19.15
Flooded The Face,Lil Uzi Vert,album,True,1,0,0.0,79.0,3.21,0.0,27.95
Flowers,aespa,single,False,1,0,0.0,51.0,3.18,0.0,18.15
For Us,V,single,False,71,1,52.0,84.28169014084507,2.85,0.42,51.15
Fortnight (feat. Post Malone),Taylor Swift,album,False,43,2,3.0,93.97674418604652,3.82,1.4,46.49
Fry’s Dream,AKMU,single,False,53,2,7.0,62.18867924528302,3.41,1.13,38.37
G.O.A.T,TAEMIN,single,False,1,0,0.0,52.0,2.98,0.0,18.5
GOD'S COUNTRY,Travis Scott,album,True,1,0,0.0,0.0,2.13,0.0,0.3
GODS,League of Legends & NewJeans,single,False,111,2,4.5,85.72972972972973,3.68,0.54,64.01
GOSLOW,YANGHONGWON,album,False,3,0,0.0,40.333333333333336,2.85,0.0,15.02
Get A Guitar,RIIZE,single,False,190,8,6.2,69.57368421052631,2.67,1.26,84.15
Get The Hell Out,DAY6,album,False,1,0,0.0,52.0,2.77,0.0,18.5
Get Up,NewJeans,single,False,38,0,0.0,85.63157894736842,0.6,0.0,41.37
Girls Never Die,tripleS,album,False,46,1,3.0,68.45652173913044,3.13,0.65,38.11
God of Music,SEVENTEEN,album,False,11,0,0.0,64.0909090909091,3.42,0.0,25.73
Gonna Be A Rock,BOYNEXTDOOR,album,False,1,0,0.0,55.0,3.29,0.0,19.55
Good Bones,LE SSERAFIM,single,False,2,0,0.0,66.5,2.67,0.0,23.88
Grain of Sand,Lim Young Woong,single,False,517,7,3.4,65.1624758220503,3.67,0.41,180.36
Guess featuring Billie Eilish,Charli xcx & Billie Eilish,single,False,8,1,3.0,88.375,2.39,3.75,33.68
Gym,Beenzino,album,True,2,0,0.0,39.0,3.42,0.0,14.25
HAPPY,DAY6,album,False,90,1,161.0,62.36666666666667,3.17,0.33,49.18
HAPPY,DAY6,single,False,2,0,0.0,56.0,3.17,0.0,20.2
HARD,SHINee,album,False,4,0,0.0,66.5,2.95,0.0,24.48
HELIOT EMIL,CHANGMO,single,False,1,0,0.0,45.0,2.3,0.0,16.05
HERO,Lim Young Woong,single,False,111,4,3.5,58.52252252252252,3.61,1.08,55.18
HEYA,IVE,single,False,61,0,0.0,61.721311475409834,3.16,0.0,39.9
HOME SWEET HOME (feat. TAEYANG & DAESUNG),G-DRAGON & TAEYANG & DAESUNG,single,False,4,0,0.0,63.75,3.52,0.0,23.51
HYAENA,Travis Scott,album,True,2,0,0.0,42.5,3.7,0.0,15.47
Haegeum,Agust D,album,False,149,5,3.4,86.87919463087249,2.82,1.01,76.86
Hate You,Jung Kook,album,False,139,6,2.5,83.41726618705036,2.57,1.29,73.0
Heart on the Window (with WENDY),Jin,album,False,7,0,0.0,55.42857142857143,2.95,0.0,21.5
Heart on the Window (with WENDY),Jin,single,False,4,0,0.0,72.0,2.95,0.0,26.4
Heavy Is the Crown,Linkin Park,single,False,1,0,0.0,78.0,2.78,0.0,27.6
Hell yea,Leellamarz & YANGHONGWON,single,False,1,0,0.0,38.0,3.23,0.0,13.6
Here With Me,d4vd,single,False,50,0,0.0,78.96,4.04,0.0,42.64
High Note,KingLee & Code G,single,True,2,0,0.0,65.0,4.02,0.0,23.35
Holssi,IU,single,False,31,2,2.5,67.87096774193549,3.18,1.94,33.75
Home,Lim Young Woong,single,False,191,3,3.7,62.63350785340314,3.92,0.47,80.27
Honestly,RIIZE,single,False,1,0,0.0,51.0,3.23,0.0,18.15
Horizon,TAEMIN,single,False,2,0,0.0,53.5,2.95,0.0,19.32
How Sweet,NewJeans,single,False,184,2,2.0,81.02173913043478,3.65,0.33,84.26
How Sweet (Instrumental),NewJeans,single,False,5,0,0.0,60.8,3.65,0.0,22.78
"How can I love the heartbreak, you're the one I love",AKMU,album,False,33,2,2.0,61.21212121212121,4.83,1.82,32.02
Hype Boy,NewJeans,single,False,321,21,10.2,82.57009345794393,2.98,1.96,132.55
I AM,IVE,album,False,159,0,0.0,86.41509433962264,3.06,0.0,77.95
I Don’t Think That I Like Her,Charlie Puth,album,False,8,4,7.5,73.0,3.14,15.0,29.35
I Had Some Help (Feat. Morgan Wallen),Post Malone & Morgan Wallen,single,True,9,1,4.0,89.44444444444444,2.97,3.33,34.36
I Like Me Better,Lauv,album,False,2,1,2.0,84.0,3.29,15.0,30.35
I Love You,Lim Young Woong,album,False,150,12,13.1,58.64,3.98,2.4,69.72
I stan U,IU,single,False,4,0,0.0,55.0,3.21,0.0,20.45
I will come to you,Jin,album,False,6,1,2.0,54.333333333333336,2.62,5.0,21.17
I will come to you,Jin,single,False,4,0,0.0,71.0,2.62,0.0,26.05
I'll Be There,Jin,single,False,25,0,0.0,86.4,3.03,0.0,37.74
ISTJ,NCT DREAM,album,False,7,0,0.0,66.14285714285714,3.09,0.0,25.25
ITEM,Stray Kids,album,False,1,0,0.0,69.0,3.19,0.0,24.45
If I have you only (My love X Nerd Connection),Nerd Connection,single,False,56,9,17.4,53.642857142857146,4.18,4.82,38.72
"If I’m S, Can You Be My N?",TWS,single,False,21,1,2.0,67.19047619047619,2.8,1.43,30.17
If We Ever Meet Again,Lim Young Woong,album,False,504,8,2.1,60.142857142857146,4.57,0.48,175.05
Igloo,KISS OF LIFE,single,False,33,0,0.0,76.75757575757575,2.2,0.0,36.77
Impossible,RIIZE,album,False,3,0,0.0,25.666666666666668,3.0400000000000005,0.0,9.88
Impossible,RIIZE,single,False,37,1,24.0,67.35135135135135,3.04,0.81,35.02
In Bed/Makgulli,Beenzino,album,True,4,0,0.0,45.75,4.62,0.0,17.21
In Bloom,ZEROBASEONE,single,False,6,2,3.0,75.66666666666667,3.02,10.0,28.98
Interlude : Dive,Jimin,single,False,365,21,3.1,77.10684931506849,2.18,1.73,143.84
Interlude : Showtime,Jimin,album,False,129,1,2.0,73.43410852713178,1.31,0.23,64.75
Intro: Singularity,BTS,album,False,6,2,3.5,71.0,3.28,10.0,27.35
It's Beginning to Look a Lot like Christmas,Michael Bublé,album,False,4,0,0.0,87.0,3.45,0.0,31.65
It's the Most Wonderful Time of the Year,Andy Williams,album,False,2,0,0.0,79.0,2.52,0.0,28.25
I’ll Be There,Jin,album,False,7,0,0.0,60.285714285714285,3.03,0.0,23.2
I’ll See You There Tomorrow,TOMORROW X TOGETHER,album,False,7,1,3.0,77.71428571428571,3.28,4.29,29.65
JEALOUSYVALHALLA,YANGHONGWON,album,False,6,0,0.0,44.333333333333336,2.47,0.0,17.32
Jealousyvalhalla,YANGHONGWON,single,False,5,1,4.0,35.4,2.47,6.0,14.24
Jeogeumtong,E SENS,album,False,1,0,0.0,38.0,2.31,0.0,13.6
Jingle Bell Rock,Bobby Helms,single,False,3,0,0.0,94.0,2.18,0.0,33.8
K-POP,Travis Scott & Bad Bunny & The Weeknd,single,True,6,1,3.0,73.83333333333333,3.09,5.0,27.99
KEYS TO MY LIFE,Kanye West & Ty Dolla $ign,album,True,1,0,0.0,79.0,2.9,0.0,27.95
KIDDING,ISEGYE IDOL,single,False,3,0,0.0,35.0,3.5,0.0,13.15
Kill Bill,SZA,album,False,43,3,2.7,94.0,2.57,2.09,46.85
Kill It,aespa,single,False,4,0,0.0,55.0,3.33,0.0,20.45
Kitsch,IVE,album,False,92,2,2.0,79.3804347826087,3.2599999999999993,0.65,56.08
Klaxon,(G)I-DLE,single,False,22,2,3.0,74.27272727272727,2.92,2.73,33.3
LALALALA,Stray Kids,album,False,5,0,0.0,63.2,3.04,0.0,23.62
LALALI,SEVENTEEN,album,False,1,0,0.0,61.0,2.86,0.0,21.65
LOCKDOWN,ISEGYE IDOL,single,False,4,0,0.0,44.25,3.37,0.0,16.69
LOST!,RM,album,True,7,0,0.0,80.0,3.88,0.0,30.1
LOVE DIVE,IVE,single,False,6,3,10.0,83.0,2.9500000000000006,15.0,31.9
"LOVE, MONEY, FAME (feat. DJ Khaled)",SEVENTEEN,single,False,15,0,0.0,74.73333333333333,3.11,0.0,30.66
LUNCH,Billie Eilish,album,False,29,0,0.0,92.20689655172414,2.99,0.0,40.97
Last Christmas - Single Version,Wham!,album,False,8,1,4.0,89.0,4.43,3.75,33.9
Left and Right (Feat. Jung Kook of BTS),Charlie Puth,album,False,226,8,33.5,83.83185840707965,2.57,1.06,99.94
Lemon,Beenzino,album,True,3,0,0.0,43.0,3.03,0.0,15.95
Let It Snow! Let It Snow! Let It Snow!,Dean Martin,album,False,3,0,0.0,95.0,1.95,0.0,34.15
Let Me In,EXO,single,False,1,0,0.0,72.0,3.29,0.0,25.5
Let off steam,Leellamarz & YANGHONGWON,single,False,2,0,0.0,41.0,3.66,0.0,14.95
Let's Say Goodbye,Parc Jae Jung,album,False,78,2,2.0,53.93589743589744,4.06,0.77,42.98
Letter To Myself,TAEYEON,single,False,4,0,0.0,59.0,3.07,0.0,21.85
Licorice,aespa,album,False,3,0,0.0,59.666666666666664,2.65,0.0,21.78
Lie,BTS,album,False,1,0,0.0,70.0,3.6,0.0,24.8
Like A Fool (Feat. Y2K92),Beenzino,album,True,4,0,0.0,43.75,3.37,0.0,16.51
Like Crazy,Jimin,single,False,555,5,2.0,89.22162162162162,3.54,0.27,199.48
Like Crazy (Deep House Remix),Jimin,single,False,28,9,3.7,71.46428571428571,3.0100000000000002,9.64,36.56
Like Crazy (English Version),Jimin,single,False,430,3,2.0,82.1906976744186,3.54,0.21,158.82
Like Crazy (Instrumental),Jimin,single,False,6,2,4.0,68.0,3.5400000000000005,10.0,26.3
Like Crazy (UK Garage Remix),Jimin,single,False,25,8,3.6,71.28,3.51,9.6,35.25
Like That,Future & Metro Boomin,album,True,4,1,2.0,90.0,4.46,7.5,33.05
Lilith (feat. SUGA of BTS) (Diablo IV Anthem),Halsey & SUGA,single,True,80,6,4.2,83.3375,3.02,2.25,55.27
Little Light,DOYOUNG,album,False,8,1,3.0,66.625,3.75,3.75,26.07
Live My Life,aespa,album,False,2,0,0.0,57.5,2.65,0.0,20.72
London Boy,Lim Young Woong,single,False,522,10,4.0,64.21072796934865,4.08,0.57,182.57
Lose My Breath,Stray Kids,single,False,1,0,0.0,54.0,2.78,0.0,19.2
Lose My Breath (Feat. Charlie Puth),Stray Kids & Charlie Puth,single,False,1,0,0.0,71.0,2.78,0.0,25.15
Lost and Found,KingLee & Lil' Flip,single,True,3,1,19.0,59.333333333333336,3.65,10.0,22.02
Love 119,RIIZE,single,False,108,3,2.3,70.4074074074074,2.89,0.83,58.09
Love Always Run Away,Lim Young Woong,single,False,134,14,11.4,59.54477611940298,4.05,3.13,65.94
Love Lee,AKMU,single,False,82,1,2.0,75.08536585365853,2.99,0.37,51.23
Love Letter,Lim Young Woong,album,False,75,9,3.7,58.36,3.58,3.6,46.08
Love Me Again,V,single,False,469,4,2.0,88.52878464818764,3.04,0.26,173.09
Love Me Like This,NMIXX,single,False,18,2,2.5,77.16666666666667,3.15,3.33,33.11
Love Station,Lim Young Woong,album,False,5,3,5.7,56.0,3.19,18.0,22.15
Love You With All My Heart,Crush,single,False,34,1,6.0,77.55882352941177,4.07,0.88,37.7
Love wins all,IU,single,False,85,3,2.0,80.50588235294117,4.52,1.06,54.73
Lovely Touch,Lim Young Woong,album,False,119,5,32.0,58.57142857142857,3.25,1.26,57.95
Lovin On Me,Jack Harlow,single,True,15,2,2.5,99.0,2.31,4.0,39.85
Loving You,Lim Young Woong,album,False,8,3,5.3,56.375,3.54,11.25,23.18
Lucky Girl Syndrome,ILLIT,single,False,57,4,6.2,75.71929824561404,2.33,2.11,45.0
MAESTRO,SEVENTEEN,album,False,13,1,4.0,76.6923076923077,3.32,2.31,31.09
MANIAC,VIVIZ,single,False,13,4,5.0,81.61538461538461,3.26,9.23,33.87
MELTDOWN,Travis Scott,album,True,2,0,0.0,42.0,4.1,0.0,15.3
MEOW,MEOVV,single,False,48,1,2.0,69.83333333333333,2.8699999999999997,0.62,39.19
MILLION DOLLAR BABY,Tommy Richman,single,False,118,3,2.3,90.77966101694915,2.59,0.76,68.22
MODERN JAM,Travis Scott,album,True,2,0,0.0,41.5,4.26,0.0,15.12
MY EYES,Travis Scott,album,True,2,0,0.0,41.5,4.19,0.0,15.12
Magnetic,ILLIT,single,False,244,2,2.0,87.40983606557377,2.68,0.25,104.49
Mantra,JENNIE,single,True,46,0,0.0,87.15217391304348,2.28,0.0,44.3
Mars,D.O.,single,False,2,1,6.0,67.5,3.12,15.0,24.58
Melt Away,TAEYEON,single,False,1,0,0.0,55.0,3.27,0.0,19.55
Melt Down,DAY6,album,False,66,4,2.2,63.07575757575758,2.76,1.82,43.28
Memories,RIIZE,single,False,43,4,2.8,73.30232558139535,2.97,2.79,39.96
Midas Touch,KISS OF LIFE,single,False,78,2,5.0,79.5,2.71,0.77,51.92
Midnight Fiction,ILLIT,single,False,17,0,0.0,73.3529411764706,2.8,0.0,30.77
Mine,aespa,album,False,2,0,0.0,59.5,3.22,0.0,21.42
Mistletoe,Justin Bieber,album,False,3,0,0.0,92.0,3.0499999999999994,0.0,33.1
Monet,Beenzino,album,True,8,0,0.0,49.25,2.64,0.0,19.64
Monster,DAY6,album,False,3,0,0.0,51.666666666666664,3.61,0.0,18.98
Moonlit Floor,LISA,single,False,8,0,0.0,87.5,2.6,0.0,33.02
Moonlit Floor (Kiss Me),LISA,single,False,9,0,0.0,89.22222222222223,2.6,0.0,33.93
Mourning,Post Malone,single,True,3,0,0.0,75.66666666666667,2.46,0.0,27.38
My Boy Only Breaks His Favorite Toys,Taylor Swift,album,False,2,0,0.0,81.5,3.4,0.0,29.12
My Love Mine All Mine,Mitski,album,False,81,10,3.3,98.0,2.3,3.7,62.1
My Name is Malguem,QWER,single,False,64,0,0.0,58.625,3.14,0.0,39.72
My Starry Love,Lim Young Woong,single,False,30,3,11.3,57.06666666666667,3.85,3.0,30.02
My World,ILLIT,single,False,15,0,0.0,72.06666666666666,1.79,0.0,29.72
My You,Jung Kook,single,False,30,6,10.8,84.6,2.75,6.0,40.71
NEMONEMO,YENA,single,False,24,5,3.2,66.66666666666667,2.97,6.25,32.28
NEURON (with Gaeko & YOON MIRAE),j-hope,single,False,6,0,0.0,78.66666666666667,4.55,0.0,29.33
NIGHT DANCER,imase,album,False,48,0,0.0,76.875,3.51,0.0,41.31
NIGHT DANCER - BIG Naughty Remix,imase & BIG Naughty,single,False,10,1,11.0,57.5,3.5099999999999993,3.0,23.48
Nest,Lim Young Woong,album,False,36,6,5.2,57.833333333333336,2.87,5.0,33.14
Neva Play (feat. RM of BTS),Megan Thee Stallion & RM,single,True,15,0,0.0,83.13333333333334,2.62,0.0,33.6
Never Let Go,Jung Kook,single,False,88,2,2.0,86.69318181818181,2.78,0.68,57.44
New Jeans,NewJeans,single,False,281,23,9.3,81.6797153024911,1.82,2.46,120.94
New Woman (feat. ROSALÍA),LISA & ROSALÍA,single,False,29,0,0.0,86.44827586206897,3.0,0.0,38.96
Nice Guy,BOYNEXTDOOR,album,False,20,1,5.0,66.3,2.75,1.5,29.56
No Boss (Feat. Dok2),E SENS,album,False,1,0,0.0,38.0,3.13,0.0,13.6
No Tomorrow - Spotify Singles,Various Artists,single,False,3,1,2.0,41.0,5.13,10.0,15.6
Noid,"Tyler, The Creator",album,True,1,0,0.0,80.0,4.74,0.0,28.3
Noid,"Tyler, The Creator",single,True,1,0,0.0,82.0,4.74,0.0,29.0
Not Like Us,Kendrick Lamar,single,True,53,5,7.8,95.9245283018868,4.57,2.83,51.22
OMG,NewJeans,single,False,317,15,14.2,86.28391167192429,3.54,1.42,130.55
OMG (FRNK Remix),NewJeans,album,False,2,0,0.0,56.5,3.51,0.0,20.38
Off The Record,IVE,single,False,28,0,0.0,73.07142857142857,3.15,0.0,33.98
On the street (Feat. ASH ISLAND),Leellamarz,single,False,1,0,0.0,36.0,3.49,0.0,12.9
One Kiss,RIIZE,single,False,1,0,0.0,50.0,3.53,0.0,17.8
"Our Blues, Our Life",Lim Young Woong,album,False,363,31,4.0,59.04683195592286,3.46,2.56,140.42
Overdrive,Post Malone,single,False,1,0,0.0,76.0,2.46,0.0,26.9
PAID,Kanye West & Ty Dolla $ign,album,True,1,0,0.0,79.0,3.25,0.0,27.95
PALISADE,YANGHONGWON,album,False,2,0,0.0,37.0,1.47,0.0,13.55
PARANOIA,HEARTSTEEL & League of Legends & BAEKHYUN,single,False,3,0,0.0,80.66666666666667,3.31,0.0,29.13
POWER,G-DRAGON,single,False,26,0,0.0,71.8076923076923,2.39,0.0,32.93
PROMOTION,¥$ & Kanye West & Ty Dolla $ign,album,True,3,0,0.0,47.0,2.65,0.0,17.35
Paint The Town Red,Doja Cat,album,True,41,0,0.0,81.53658536585365,3.84,0.0,40.84
Paint The Town Red,Doja Cat,single,True,24,0,0.0,98.58333333333333,3.86,0.0,41.7
People Pt.2 (feat. IU),Agust D,album,False,144,2,14.5,76.61111111111111,3.5699999999999994,0.42,70.71
Perfect Night,LE SSERAFIM,single,False,278,13,7.2,85.61151079136691,2.65,1.4,117.91
Pierrot,LE SSERAFIM,single,False,4,0,0.0,68.25,2.84,0.0,25.09
Pink Hoodie,aespa,single,False,1,0,0.0,50.0,2.44,0.0,17.8
Please Don't Change (feat. DJ Snake),Jung Kook,album,False,102,10,4.0,83.86274509803921,2.44,2.94,63.45
Please Please Please,Sabrina Carpenter,single,True,56,5,6.6,94.75,3.11,2.68,51.71
Pleasure Shop,KEY,single,False,4,1,2.0,52.25,3.04,7.5,19.84
Polaroid,Lim Young Woong,single,False,509,4,2.0,62.117878192534384,3.44,0.24,175.84
Popcorn,D.O.,single,False,1,0,0.0,65.0,3.02,0.0,23.05
Popular (with Playboi Carti & Madonna),The Weeknd & Playboi Carti & Madonna,single,True,1,0,0.0,75.0,3.59,0.0,26.55
Promise,Jimin,single,False,35,9,3.3,77.08571428571429,2.52,7.71,40.63
Pump Up The Volume!,PLAVE,single,False,40,2,17.5,63.875,2.99,1.5,35.06
Push Ups,Drake,single,True,1,0,0.0,84.0,3.88,0.0,29.7
Queencard,(G)I-DLE,single,False,119,2,9.0,87.70588235294117,2.69,0.5,67.1
ROLEX,YANGHONGWON,single,False,2,0,0.0,42.0,2.97,0.0,15.3
Radio,Beenzino,album,True,2,0,0.0,39.0,3.52,0.0,14.25
Rah Tah Tah,"Tyler, The Creator",album,True,1,0,0.0,81.0,2.76,0.0,28.65
Rainbow,Lim Young Woong,album,False,405,19,3.5,58.92098765432099,3.2699999999999996,1.41,148.77
Rainy Days,V,single,False,206,4,5.5,85.48058252427184,2.99,0.58,93.12
Rebirth (Intro),Jimin,album,False,129,1,2.0,75.0,2.41,0.23,65.3
Right Now,NewJeans,single,False,57,2,2.0,74.0701754385965,2.67,1.05,43.72
Right Now (Instrumental),NewJeans,single,False,2,0,0.0,23.0,2.67,0.0,8.65
Rockin' Around The Christmas Tree,Brenda Lee,album,False,4,0,0.0,98.0,2.1,0.0,35.5
Rockstar,LISA,single,True,19,1,2.0,88.0,2.3,1.58,36.85
Roller Coaster,NMIXX,single,False,15,0,0.0,74.6,2.99,0.0,30.61
Rumble,KingLee,single,True,1,0,0.0,51.0,2.91,0.0,18.15
Runaway,Kanye West,album,True,11,0,0.0,81.0,9.13,0.0,31.65
Running Wild,Jin,album,False,7,0,0.0,71.42857142857143,2.53,0.0,27.1
Running Wild,Jin,single,False,4,0,0.0,81.0,2.53,0.0,29.55
S-Class,Stray Kids,album,False,31,0,0.0,84.87096774193549,3.26,0.0,39.0
SAHARA,YANGHONGWON,album,False,2,0,0.0,38.5,3.06,0.0,14.08
SHEESH,BABYMONSTER,single,False,91,1,4.0,85.26373626373626,2.84,0.33,57.49
SIRENS,Travis Scott,album,True,1,0,0.0,0.0,3.41,0.0,0.3
SLIDE,¥$ & Kanye West & Ty Dolla $ign,album,True,3,0,0.0,47.0,3.2999999999999994,0.0,17.35
SOS,KANGDANIEL,single,False,49,3,4.0,73.40816326530613,3.2,1.84,41.44
SOS (Prod. Marshmello),SEVENTEEN,album,False,2,0,0.0,0.0,3.2,0.0,0.6
SPOT!,ZICO,single,False,3,0,0.0,73.33333333333333,2.7999999999999994,0.0,26.57
SPOT!,ZICO & JENNIE,single,False,87,2,45.0,83.82758620689656,2.8,0.69,56.14
STARS,Kanye West & Ty Dolla $ign,album,True,2,0,0.0,82.5,1.92,0.0,29.48
STUPID IN LOVE (feat. HUH YUNJIN of LE SSERAFIM),MAX,album,False,31,3,11.3,73.3225806451613,2.89,2.9,36.01
Salty & Sweet,aespa,single,False,1,0,0.0,74.0,3.36,0.0,26.2
Sandman,Beenzino,album,True,3,0,0.0,42.0,2.93,0.0,15.6
Santa Tell Me,Ariana Grande,single,False,11,0,0.0,95.9090909090909,3.4,0.0,36.87
Saturn,SZA,single,False,10,2,4.5,89.9,3.1,6.0,35.16
Say Less,TAEMIN,single,False,1,0,0.0,51.0,2.59,0.0,18.15
Scenery,V,single,False,12,0,0.0,67.41666666666667,4.9,0.0,27.2
See that?,NMIXX,single,False,24,0,0.0,64.625,3.0499999999999994,0.0,29.82
Serendipity - Full Length Edition,BTS,album,False,1,0,0.0,72.0,4.61,0.0,25.5
Set Me Free Pt.2,Jimin,single,True,430,3,2.0,81.0953488372093,3.35,0.21,158.43
Set The Tone,aespa,album,False,5,0,0.0,60.8,3.38,0.0,22.78
Seven (David Guetta Remix),Jung Kook & Latto & David Guetta,single,True,4,0,0.0,44.5,2.62,0.0,16.77
Seven (feat. Latto) (Alesso Remix),Jung Kook & Latto,single,True,8,2,4.0,59.5,2.71,7.5,23.92
Seven (feat. Latto) (Band Ver.),Jung Kook & Latto,single,False,10,3,3.7,74.5,3.16,9.0,30.12
Seven (feat. Latto) (Explicit Ver.),Jung Kook,album,True,386,4,2.0,86.24870466321244,3.06,0.31,147.39
Seven (feat. Latto) (Explicit Ver.),Jung Kook & Latto,single,True,109,1,3.0,98.30275229357798,3.07,0.28,67.46
Seven (feat. Latto) (Explicit Ver.),Jung Kook & Latto & BTS,single,True,2,0,0.0,92.0,3.07,0.0,32.8
Seven (feat. Latto) (Instrumental),Jung Kook & Latto,single,False,20,1,3.0,80.2,3.07,1.5,34.42
Seven (feat. Latto) (Instrumental),Jung Kook & Latto & BTS,single,False,2,0,0.0,78.0,3.07,0.0,27.9
Seven (feat. Latto) (Lofi Mix),Jung Kook & Latto,single,False,2,0,0.0,67.0,3.35,0.0,24.05
Seven (feat. Latto) (Summer Mix),Jung Kook & Latto,single,False,6,1,5.0,72.66666666666667,3.36,5.0,27.58
Sexy In The Air,TAEMIN,single,False,11,0,0.0,55.36363636363637,3.25,0.0,22.68
She Smiled,DAY6,album,False,5,0,0.0,53.0,3.38,0.0,20.05
"Shh.. (Feat. HYEIN, WONSUN JOE & Special Narr. Patti Kim)",IU,single,False,4,0,0.0,58.0,3.78,0.0,21.5
Shoong! (feat. LISA of BLACKPINK),TAEYANG,album,False,10,0,0.0,78.9,3.4200000000000004,0.0,30.62
Shopper,IU,single,False,18,0,0.0,69.0,3.5999999999999996,0.0,29.55
Shot Glass of Tears,Jung Kook,album,False,45,5,15.8,82.95555555555555,2.79,3.33,44.28
Shxtty Game,DAY6,album,False,3,0,0.0,50.0,3.16,0.0,18.4
Siren,RIIZE,single,False,32,0,0.0,65.4375,2.47,0.0,32.5
Skrr (feat. GISELLE),HAON,single,False,5,0,0.0,55.4,3.65,0.0,20.89
Slime You Out (feat. SZA),Drake & SZA,single,True,2,0,0.0,37.5,5.17,0.0,13.72
Slow Dance (feat. Sofia Carson),Jimin,album,False,129,1,2.0,76.01550387596899,3.14,0.23,65.66
Slow Dancing,V,single,False,235,6,2.2,90.42127659574469,3.12,0.77,104.25
Slow Dancing (FRNK Remix),V,single,False,2,0,0.0,0.0,2.83,0.0,0.6
Slow Dancing (Piano Ver.),V,single,False,60,1,54.0,85.53333333333333,3.13,0.5,48.29
Small girl (feat. D.O.),Lee Young Ji,single,False,93,5,2.8,73.27956989247312,3.16,1.61,55.3
Smart,LE SSERAFIM,single,False,118,3,2.0,77.3135593220339,2.77,0.76,63.51
Smeraldo Garden Marching Band (feat. Loco),Jimin,album,False,129,1,2.0,75.63565891472868,3.05,0.23,65.52
Smeraldo Garden Marching Band (feat. Loco),Jimin & Loco,single,False,20,1,2.0,89.5,3.05,1.5,37.67
"Smoke (Prod. Dynamicduo, Padi)",Various Artists,single,False,46,0,0.0,71.08695652173913,3.4900000000000007,0.0,38.68
Smoothie,NCT DREAM,single,False,11,0,0.0,67.27272727272727,3.13,0.0,26.85
Snooze (Acoustic) (feat. Justin Bieber),SZA & Justin Bieber,single,True,1,0,0.0,0.0,3.17,0.0,0.3
Snow Flower (feat. Peakboy),V,single,False,12,0,0.0,67.75,3.82,0.0,27.31
Snowman,Sia,album,False,10,1,2.0,94.0,2.76,3.0,36.25
"So Long, London",Taylor Swift,album,False,2,0,0.0,81.5,4.38,0.0,29.12
Somebody,D.O.,single,False,3,0,0.0,76.0,2.65,0.0,27.5
Somebody,Jung Kook,album,False,63,15,5.3,82.47619047619048,2.81,7.14,53.02
Soñar (Breaker),NMIXX,album,False,1,0,0.0,58.0,2.88,0.0,20.6
Spark - WINTER Solo,aespa,single,False,1,0,0.0,64.0,3.34,0.0,22.7
Spicy,aespa,single,False,120,1,3.0,83.16666666666667,3.28,0.25,65.46
Spicy,aespa & Nitepunk,single,False,1,0,0.0,0.0,3.28,0.0,0.3
Spring Snow,10CM,single,False,22,3,3.0,74.31818181818181,3.36,4.09,33.66
St. Chroma (feat. Daniel Caesar),"Tyler, The Creator",album,True,2,0,0.0,81.0,3.28,0.0,28.95
Standing Next to You,Jung Kook,album,False,385,5,2.0,91.6025974025974,3.4299999999999997,0.39,149.31
Standing Next to You (USHER Remix),Jung Kook & USHER,single,False,15,0,0.0,82.86666666666666,3.58,0.0,33.5
Standing Next to You (Usher Remix),Jung Kook & USHER,single,False,57,0,0.0,79.17543859649123,3.58,0.0,44.81
Standing Next to You - Sped Up - Remix,Beat Record,album,True,1,0,0.0,0.0,3.52,0.0,0.3
Stay Alive (Prod. SUGA of BTS),Jung Kook,single,False,13,1,25.0,82.3076923076923,3.52,2.31,33.06
Stay With Me (Feat. Skinny Brown),ASH ISLAND,single,False,3,0,0.0,49.0,2.8699999999999997,0.0,18.05
Steady,NCT WISH,album,False,5,1,3.0,53.6,2.99,6.0,20.61
"Steal The Show - From ""Elemental""",Lauv,single,False,105,1,3.0,76.61904761904762,3.2,0.29,58.67
Sticky,KISS OF LIFE,single,False,109,3,2.0,79.59633027522936,2.6199999999999997,0.83,61.61
Still With You,Jung Kook,single,False,109,1,3.0,86.29357798165138,4.0,0.28,63.25
Stinky Kiss (Intro),Beenzino,album,True,2,0,0.0,43.5,2.79,0.0,15.82
Sudden Shower,ECLIPSE,single,False,77,4,3.2,77.01298701298701,3.88,1.56,51.45
Sugarcoat (NATTY Solo),KISS OF LIFE,single,False,17,3,3.0,73.6470588235294,3.0,5.29,31.93
Summer (Feat. BE’O),Paul Blanco,single,True,23,0,0.0,66.91304347826087,3.33,0.0,30.32
Sunflower - Spider-Man: Into the Spider-Verse,Post Malone,album,False,23,5,15.2,88.08695652173913,2.63,6.52,39.48
Super,SEVENTEEN,single,False,79,2,3.0,87.54430379746836,3.3400000000000003,0.76,55.04
Super Bowl,Stray Kids,album,False,1,0,0.0,69.0,3.05,0.0,24.45
Super Lady,(G)I-DLE,album,False,14,1,3.0,78.07142857142857,2.54,2.14,31.88
Super Shy,NewJeans,single,False,410,6,5.8,87.41951219512195,2.58,0.44,155.7
Super Tuna,Jin,single,False,8,0,0.0,83.625,1.91,0.0,31.67
Supernatural,NewJeans,single,False,157,2,2.0,79.71337579617834,3.18,0.38,75.7
Supernatural (Instrumental),NewJeans,single,False,6,0,0.0,45.5,3.18,0.0,17.72
Supernova,aespa,album,False,178,3,2.0,71.76404494382022,2.9799999999999995,0.51,79.57
Supernova,aespa,single,False,16,0,0.0,69.1875,2.98,0.0,29.02
Supernova,aespa & Grimes & Flava D,single,False,1,0,0.0,0.0,2.98,0.0,0.3
Supernova - Japanese Version,KANGDANIEL,single,False,10,0,0.0,58.6,3.47,0.0,23.51
Supersonic,fromis_9,single,False,105,0,0.0,71.05714285714286,2.9,0.0,56.37
Swan Song,LE SSERAFIM,single,False,24,1,2.0,77.375,2.62,1.25,34.63
Sweet Night,V,single,False,23,2,3.0,79.91304347826087,3.57,2.61,35.57
Sweet Venom,ENHYPEN,album,False,1,0,0.0,0.0,2.48,0.0,0.3
T.B.H,QWER,single,False,155,8,6.1,61.30967741935484,2.93,1.55,70.76
TALKING,Kanye West & Ty Dolla $ign,album,True,1,0,0.0,78.0,3.09,0.0,27.6
THANK GOD,Travis Scott,album,True,2,0,0.0,42.0,3.08,0.0,15.3
TIME MOVING SLOW,¥$ & Kanye West & Ty Dolla $ign,album,True,1,0,0.0,0.0,2.66,0.0,0.3
TOO MUCH,The Kid LAROI,album,True,1,0,0.0,35.0,3.4,0.0,12.55
TOO MUCH,The Kid LAROI & Jung Kook & Central Cee,single,True,21,0,0.0,86.80952380952381,3.3999999999999995,0.0,36.68
TOPLINE (Feat. Tiger JK),Stray Kids,album,False,1,0,0.0,71.0,3.39,0.0,25.15
Take Two,BTS,single,False,155,1,6.0,89.3225806451613,3.83,0.19,78.11
Talk Saxy,RIIZE,single,False,22,6,12.5,63.77272727272727,3.18,8.18,31.02
Taste,Sabrina Carpenter,album,False,25,3,3.7,93.0,2.62,3.6,41.1
Teddy Bear,STAYC,single,False,13,4,2.5,73.92307692307692,3.1599999999999997,9.23,31.17
That's What I Like,Bruno Mars,album,False,5,1,508.0,87.0,3.44,6.0,32.3
The Astronaut,JIN,single,False,1,0,0.0,79.0,4.71,0.0,27.95
The Astronaut,Jin,single,False,6,0,0.0,82.5,4.71,0.0,30.67
The Breakup Anthem,Ebstar,album,False,1,0,0.0,1.0,3.11,0.0,0.65
The First Snow,EXO,single,False,15,0,0.0,71.33333333333333,3.46,0.0,29.47
The Planet,BTS,single,False,41,3,7.3,87.51219512195122,2.97,2.2,43.98
The Tortured Poets Department,Taylor Swift,album,True,3,0,0.0,83.0,4.88,0.0,29.95
The Unknown Sea,TAEMIN,single,False,1,0,0.0,51.0,3.28,0.0,18.15
Thirsty,aespa,single,False,47,1,2.0,76.85106382978724,3.22,0.64,41.35
Tick-Tack,ILLIT,single,False,2,1,3.0,73.5,2.16,15.0,26.68
Time of Our Life -Japanese ver.- - Japanese ver.,DAY6,single,False,102,9,17.1,55.38235294117647,3.43,2.65,53.13
Timeless (with Playboi Carti),The Weeknd & Playboi Carti,single,True,12,0,0.0,86.91666666666667,4.27,0.0,34.02
To. X,TAEYEON,single,False,156,3,3.0,74.77564102564102,2.84,0.58,74.02
Too Sad to Dance,Jung Kook,album,False,44,9,11.8,81.9090909090909,2.93,6.14,45.02
Touch,KATSEYE,single,False,78,2,3.0,83.56410256410257,2.16,0.77,53.35
Travel Again (Feat. Cautious Clay),Beenzino,album,True,10,0,0.0,51.7,4.28,0.0,21.1
Trippy (Feat. Lance Skiiiwalker),Beenzino,album,True,2,0,0.0,41.0,4.62,0.0,14.95
Trust in me,Lim Young Woong,single,False,25,1,2.0,57.8,4.05,1.2,28.08
Type Shit,Future & Metro Boomin,album,True,1,0,0.0,0.0,3.8,0.0,0.3
UNFORGIVEN (feat. Nile Rodgers),LE SSERAFIM,album,False,103,0,0.0,87.77669902912622,3.04,0.0,61.62
UNLOVE (prod. HONNE),Zion.T,album,False,1,0,0.0,48.0,3.0,0.0,17.1
UP - KARINA Solo,aespa,single,False,48,0,0.0,79.75,2.78,0.0,42.31
Underneath the Tree,Kelly Clarkson,album,False,4,0,0.0,86.0,3.83,0.0,31.3
V (Peace) (feat. AKMU),Zion.T,album,False,4,0,0.0,55.5,2.48,0.0,20.62
VIBE (feat. Jimin of BTS),TAEYANG,album,False,69,7,16.6,70.31884057971014,2.93,3.04,47.76
Vancouver,BIG Naughty,single,False,9,2,51.5,58.55555555555556,3.5999999999999996,6.67,23.89
Vancouver 2,BIG Naughty,single,False,17,0,0.0,49.64705882352941,3.37,0.0,22.48
WAY 4 LUV,PLAVE,single,False,12,1,55.0,59.166666666666664,3.66,2.5,24.66
Walk,NCT 127,album,False,10,0,0.0,62.1,3.2,0.0,24.74
Warmth,Lim Young Woong,single,False,195,4,2.5,62.723076923076924,3.92,0.62,81.85
Water,Tyla,single,False,2,0,0.0,93.0,3.34,0.0,33.15
We got so much,LE SSERAFIM,single,False,4,0,0.0,68.75,2.76,0.0,25.26
Welcome To MY World (feat. nævis),aespa,single,False,8,0,0.0,77.0,3.45,0.0,29.35
Welcome to the Show,DAY6,album,False,95,6,26.8,59.8421052631579,3.6200000000000006,1.89,51.54
Welcome to the Show,DAY6,single,False,2,0,0.0,52.0,3.62,0.0,18.8
Well…?,YANGHONGWON,album,False,3,0,0.0,40.0,2.35,0.0,14.9
What The Hell,E SENS,album,False,1,0,0.0,37.0,2.53,0.0,13.25
Whiplash,aespa,single,False,36,0,0.0,76.30555555555556,3.05,0.0,37.51
Who,Jimin,album,False,129,1,2.0,92.7984496124031,2.85,0.23,71.53
Who (Acoustic Remix),Jimin,album,False,97,5,6.8,63.876288659793815,3.07,1.55,53.21
Who (Beautiful Mind Remix),Jimin,album,False,78,12,5.0,63.14102564102564,2.97,4.62,49.7
Who (Funky Remix),Jimin,album,False,82,12,4.7,63.19512195121951,3.14,4.39,50.92
Who (Instrumental),Jimin,album,False,90,9,5.0,62.68888888888889,2.85,3.0,52.09
Who (Rock Remix),Jimin,album,False,101,5,6.0,64.32673267326733,2.87,1.49,54.56
Who (Shibuyakei Remix),Jimin,album,False,89,8,5.6,63.51685393258427,2.78,2.7,51.73
Why?,PLAVE,single,False,5,1,5.0,54.2,2.46,6.0,20.82
Wife,(G)I-DLE,album,False,31,0,0.0,71.93548387096774,2.02,0.0,34.48
Wife,(G)I-DLE,single,False,7,0,0.0,73.71428571428571,2.02,0.0,27.9
Winter Bear,V,single,False,12,0,0.0,68.66666666666667,2.91,0.0,27.63
With you,Jimin & HA SUNG WOON,single,False,22,4,57.8,76.04545454545455,3.37,5.45,34.62
XO (Only If You Say Yes),ENHYPEN,album,False,5,0,0.0,72.2,3.14,0.0,26.77
Yes or No,Jung Kook,album,False,181,3,3.0,85.65745856353591,2.46,0.5,85.33
"Yes or No (Feat. HUH YUNJIN of LE SSERAFIM, Crush)",GroovyRoom,single,False,13,0,0.0,64.76923076923077,2.99,0.0,26.57
"Yes or No (Feat. 허윤진 of LE SSERAFIM, Crush)",GroovyRoom & HUH YUNJIN,single,False,54,2,2.0,73.31481481481481,2.99,1.11,42.56
You & Me,JENNIE,single,False,63,6,6.8,80.92063492063492,2.99,2.86,49.32
You & Me (Coachella ver.),JENNIE,single,False,3,1,3.0,50.0,3.0,10.0,18.75
You Were Beautiful,DAY6,album,False,60,13,15.3,64.66666666666667,4.72,6.5,45.18
Young Man,HYUKOH & 落日飛車 Sunset Rollercoaster,album,False,3,1,2.0,40.0,4.29,10.0,15.25
Young Man,HYUKOH & 落日飛車 Sunset Rollercoaster,single,False,6,0,0.0,51.833333333333336,4.29,0.0,19.94
bye,Ariana Grande,album,False,5,1,2.0,83.0,2.75,6.0,30.9
don't wanna break up again,Ariana Grande,album,True,1,0,0.0,84.0,2.9,0.0,29.7
double take,Dhruv,album,False,31,6,3.8,82.09677419354838,2.86,5.81,40.13
eternal sunshine,Ariana Grande,album,False,4,0,0.0,77.25,3.5,0.0,28.24
euphoria,Kendrick Lamar,single,True,3,1,2.0,81.0,6.39,10.0,29.6
greedy,Tate McRae,single,True,9,1,2.0,94.88888888888889,2.2,3.33,36.26
i don't know (with HUH YUNJIN of LE SSERAFIM),j-hope,single,False,1,0,0.0,65.0,3.05,0.0,23.05
i like the way you kiss me,Artemas,single,False,2,0,0.0,98.0,2.38,0.0,34.9
i wonder... (with Jung Kook of BTS),j-hope,single,False,14,0,0.0,77.42857142857143,2.73,0.0,31.3
lock / unlock (with benny blanco & Nile Rodgers),j-hope,single,False,1,0,0.0,65.0,3.03,0.0,23.05
luther (with sza),Kendrick Lamar,album,False,3,0,0.0,58.0,2.9599999999999995,0.0,21.2
number one girl,ROSÉ,single,False,4,0,0.0,76.75,3.61,0.0,28.06
plot twist,TWS,single,False,132,4,3.5,75.35606060606061,2.54,0.91,67.37
squabble up,Kendrick Lamar,album,True,3,0,0.0,83.66666666666667,2.63,0.0,30.18
vampire,Olivia Rodrigo,single,True,38,2,3.0,96.5,3.66,1.58,45.88
wacced out murals,Kendrick Lamar,album,True,1,0,0.0,81.0,5.28,0.0,28.65
we can't be friends (wait for your love),Ariana Grande,album,False,59,3,2.0,93.66101694915254,3.81,1.53,51.53
wherever u r (ft. V of BTS),UMI & V,single,False,70,2,4.0,86.1,2.55,0.86,51.83
"yes, and?",Ariana Grande,album,True,9,2,11.0,81.33333333333333,3.58,6.67,31.87
"yes, and?",Ariana Grande,single,True,34,1,3.0,95.41176470588235,3.58,0.88,43.94
アイドル,YOASOBI,album,False,1,1,5.0,30.0,3.53,30.0,11.15
アイドル,YOASOBI,single,False,117,2,11.0,89.77777777777777,3.55,0.51,67.22
地球儀 - Spinning Globe,Kenshi Yonezu,single,False,2,0,0.0,76.0,4.56,0.0,27.2
愛を伝えたいだとか,Aimyon,album,False,34,0,0.0,69.44117647058823,3.92,0.0,34.5
踊り子,Vaundy,album,False,85,3,2.3,70.50588235294117,3.82,1.06,51.23
青い珊瑚礁,Seiko Matsuda,album,False,11,0,0.0,52.81818181818182,3.67,0.0,21.79
녹아내려요 Melt Down,DAY6,single,False,2,1,2.0,55.0,2.76,15.0,20.2
"무제(無題) (Untitled, 2014)",G-DRAGON,single,False,2,1,22.0,59.5,3.71,15.0,21.78
예뻤어,DAY6,album,False,2,1,2.0,49.0,4.72,15.0,18.1
한 페이지가 될 수 있게,DAY6,single,False,2,1,2.0,52.0,3.43,15.0,19.15
